{
  "pools": [
    {
      "rolls": 1,
      "entries": [
        {
          "type": "loot_table",
          "name": "bgcd:items/tree",
          "conditions": [
            {
              "condition": "minecraft:entity_properties",
              "entity": "killer_player",
              "predicate": {
                "nbt": "{playerGameType:0}"
              }
            }
          ]
        }
      ]
    },
    {
      "rolls": 1,
      "entries": [
        {
          "type": "loot_table",
          "name": "bgcd:items/tree_decorations",
          "conditions": [
            {
              "condition": "minecraft:entity_properties",
              "entity": "killer_player",
              "predicate": {
                "nbt": "{playerGameType:0}"
              }
            }
          ]
        }
      ]
    }
  ]
}
