{
	"credit": "Made by BronGhast014 with Blockbench",
	"texture_size": [64, 64],
	"textures": {
		"0": "bgcd:decoration/garland",
		"particle": "bgcd:decoration/garland"
	},
	"elements": [
		{
			"from": [-2, 8.5, 7.5],
			"to": [18, 18.5, 7.5],
			"rotation": {"angle": 0, "axis": "y", "origin": [0, 10.5, -1.5]},
			"faces": {
				"north": {"uv": [0, 2.25, 5, 4.75], "texture": "#0"},
				"east": {"uv": [0, 0, 0, 4.75], "texture": "#0"},
				"south": {"uv": [5, 2.25, 10, 4.75], "texture": "#0"},
				"west": {"uv": [0, 0, 0, 4.75], "texture": "#0"},
				"up": {"uv": [5, 0, 0, 0], "texture": "#0"},
				"down": {"uv": [5, 0, 0, 0], "texture": "#0"}
			}
		},
		{
			"from": [-2, 8.5, 6],
			"to": [18, 18.5, 6],
			"rotation": {"angle": 0, "axis": "y", "origin": [0, 10.5, -3]},
			"faces": {
				"north": {"uv": [0, 7, 5, 9.5], "texture": "#0"},
				"east": {"uv": [0, 0, 0, 4.75], "texture": "#0"},
				"south": {"uv": [5, 7, 10, 9.5], "texture": "#0"},
				"west": {"uv": [0, 0, 0, 4.75], "texture": "#0"},
				"up": {"uv": [5, 0, 0, 0], "texture": "#0"},
				"down": {"uv": [5, 0, 0, 0], "texture": "#0"}
			}
		},
		{
			"from": [0, 13, 4.5],
			"to": [16, 13, 8.5],
			"rotation": {"angle": 0, "axis": "y", "origin": [0, 13, 4.5]},
			"faces": {
				"north": {"uv": [0, 0, 4, 0], "texture": "#0"},
				"east": {"uv": [0, 0, 1, 0], "texture": "#0"},
				"south": {"uv": [0, 0, 4, 0], "texture": "#0"},
				"west": {"uv": [0, 0, 1, 0], "texture": "#0"},
				"up": {"uv": [4, 10.5, 0, 9.5], "rotation": 180, "texture": "#0"},
				"down": {"uv": [8, 9.5, 4, 10.5], "rotation": 180, "texture": "#0"}
			}
		},
		{
			"from": [13, 11, 4.5],
			"to": [13, 18, 8.5],
			"rotation": {"angle": 0, "axis": "y", "origin": [-3, 11, 4.5]},
			"faces": {
				"north": {"uv": [0, 0, 0, 3.5], "texture": "#0"},
				"east": {"uv": [8, 9.5, 9.75, 10.5], "rotation": 90, "texture": "#0"},
				"south": {"uv": [0, 0, 0, 3.5], "texture": "#0"},
				"west": {"uv": [9, 9.5, 10.75, 10.5], "rotation": 90, "texture": "#0"},
				"up": {"uv": [0, 1, 0, 0], "texture": "#0"},
				"down": {"uv": [0, 0, 0, 1], "texture": "#0"}
			}
		},
		{
			"from": [3, 11, 4.5],
			"to": [3, 18, 8.5],
			"rotation": {"angle": 0, "axis": "y", "origin": [-13, 11, 4.5]},
			"faces": {
				"north": {"uv": [0, 0, 0, 3.5], "texture": "#missing"},
				"east": {"uv": [8, 11.25, 9, 13], "texture": "#0"},
				"south": {"uv": [0, 0, 0, 3.5], "texture": "#missing"},
				"west": {"uv": [9, 11.25, 10, 13], "rotation": 180, "texture": "#0"},
				"up": {"uv": [0, 0, 0, 1], "texture": "#missing"},
				"down": {"uv": [0, 0, 0, 1], "texture": "#missing"}
			}
		},
		{
			"from": [-2, 8.5, 8.5],
			"to": [18, 18.5, 8.5],
			"rotation": {"angle": 0, "axis": "y", "origin": [16, 10.5, 17.5]},
			"faces": {
				"north": {"uv": [5, 2.25, 10, 4.75], "texture": "#0"},
				"east": {"uv": [0, 0, 0, 4.75], "texture": "#0"},
				"south": {"uv": [0, 2.25, 5, 4.75], "texture": "#0"},
				"west": {"uv": [0, 0, 0, 4.75], "texture": "#0"},
				"up": {"uv": [0, 0, 5, 0], "texture": "#0"},
				"down": {"uv": [0, 0, 5, 0], "texture": "#0"}
			}
		},
		{
			"from": [-2, 8.5, 10],
			"to": [18, 18.5, 10],
			"rotation": {"angle": 0, "axis": "y", "origin": [16, 10.5, 19]},
			"faces": {
				"north": {"uv": [5, 7, 10, 9.5], "texture": "#0"},
				"east": {"uv": [0, 0, 0, 4.75], "texture": "#0"},
				"south": {"uv": [0, 7, 5, 9.5], "texture": "#0"},
				"west": {"uv": [0, 0, 0, 4.75], "texture": "#0"},
				"up": {"uv": [0, 0, 5, 0], "texture": "#0"},
				"down": {"uv": [0, 0, 5, 0], "texture": "#0"}
			}
		},
		{
			"from": [0, 13, 7.5],
			"to": [16, 13, 11.5],
			"rotation": {"angle": 0, "axis": "y", "origin": [16, 13, 11.5]},
			"faces": {
				"north": {"uv": [0, 0, 4, 0], "texture": "#0"},
				"east": {"uv": [0, 0, 1, 0], "texture": "#0"},
				"south": {"uv": [0, 0, 4, 0], "texture": "#0"},
				"west": {"uv": [0, 0, 1, 0], "texture": "#0"},
				"up": {"uv": [0, 9.5, 4, 10.5], "rotation": 180, "texture": "#0"},
				"down": {"uv": [4, 10.5, 8, 9.5], "rotation": 180, "texture": "#0"}
			}
		},
		{
			"from": [3, 11, 7.5],
			"to": [3, 18, 11.5],
			"rotation": {"angle": 0, "axis": "y", "origin": [19, 11, 11.5]},
			"faces": {
				"north": {"uv": [0, 0, 0, 3.5], "texture": "#0"},
				"east": {"uv": [9, 9.5, 10.75, 10.5], "rotation": 90, "texture": "#0"},
				"south": {"uv": [0, 0, 0, 3.5], "texture": "#0"},
				"west": {"uv": [8, 9.5, 9.75, 10.5], "rotation": 90, "texture": "#0"},
				"up": {"uv": [0, 0, 0, 1], "texture": "#0"},
				"down": {"uv": [0, 1, 0, 0], "texture": "#0"}
			}
		},
		{
			"from": [13, 11, 7.5],
			"to": [13, 18, 11.5],
			"rotation": {"angle": 0, "axis": "y", "origin": [29, 11, 11.5]},
			"faces": {
				"north": {"uv": [0, 0, 0, 3.5], "texture": "#missing"},
				"east": {"uv": [9, 11.25, 10, 13], "rotation": 180, "texture": "#0"},
				"south": {"uv": [0, 0, 0, 3.5], "texture": "#missing"},
				"west": {"uv": [8, 11.25, 9, 13], "texture": "#0"},
				"up": {"uv": [0, 1, 0, 0], "texture": "#missing"},
				"down": {"uv": [0, 1, 0, 0], "texture": "#missing"}
			}
		}
	],
	"display": {
		"head": {
			"translation": [0, -61, 0],
			"scale": [2, 2, 2]
		}
	}
}