{
	"credit": "Made by BronGhast014 with Blockbench",
	"texture_size": [32, 32],
	"textures": {
		"0": "bgcd:decoration/mistletoe",
		"particle": "bgcd:decoration/mistletoe"
	},
	"elements": [
		{
			"from": [3, 0, 8],
			"to": [13, 10, 8],
			"rotation": {"angle": 22.5, "axis": "x", "origin": [8, 5, 8]},
			"faces": {
				"north": {"uv": [0, 0, 5, 5], "texture": "#0"},
				"east": {"uv": [0, 0, 0, 5], "texture": "#0"},
				"south": {"uv": [5, 0, 10, 5], "texture": "#0"},
				"west": {"uv": [5, 0, 5, 5], "texture": "#0"},
				"up": {"uv": [5, 0, 0, 0], "texture": "#0"},
				"down": {"uv": [10, 0, 5, 0], "texture": "#0"}
			}
		},
		{
			"from": [5.5, 7.5, 9.5],
			"to": [10.5, 11.5, 9.5],
			"faces": {
				"north": {"uv": [11, 0, 13.5, 2], "texture": "#0"},
				"east": {"uv": [11, 0, 11, 2], "texture": "#0"},
				"south": {"uv": [13.5, 0, 16, 2], "texture": "#0"},
				"west": {"uv": [13.5, 0, 13.5, 2], "texture": "#0"},
				"up": {"uv": [13.5, 0, 11, 0], "texture": "#0"},
				"down": {"uv": [16, 0, 13.5, 0], "texture": "#0"}
			}
		}
	],
	"display": {
		"head": {
			"translation": [0, -13.75, -22.25],
			"scale": [2, 2, 2]
		}
	}
}