{
	"credit": "Made by BronGhast014 with Blockbench",
	"texture_size": [64, 64],
	"textures": {
		"0": "bgcd:decoration/snow_globe",
		"particle": "bgcd:decoration/snow_globe"
	},
	"elements": [
		{
			"name": "base",
			"from": [4, 0, 4],
			"to": [12, 3, 12],
			"faces": {
				"north": {"uv": [2, 2, 4, 2.75], "texture": "#0"},
				"east": {"uv": [0, 2, 2, 2.75], "texture": "#0"},
				"south": {"uv": [6, 2, 8, 2.75], "texture": "#0"},
				"west": {"uv": [4, 2, 6, 2.75], "texture": "#0"},
				"up": {"uv": [4, 2, 2, 0], "texture": "#0"},
				"down": {"uv": [6, 0, 4, 2], "texture": "#0"}
			}
		},
		{
			"from": [4, 3, 12],
			"to": [12, 11, 12],
			"rotation": {"angle": 45, "axis": "y", "origin": [8, 7, 8]},
			"faces": {
				"north": {"uv": [0, 2.75, 2, 4.75], "texture": "#0"},
				"east": {"uv": [0, 2.75, 0, 4.75], "texture": "#0"},
				"south": {"uv": [2, 2.75, 4, 4.75], "texture": "#0"},
				"west": {"uv": [2, 2.75, 2, 4.75], "texture": "#0"},
				"up": {"uv": [2, 2.75, 0, 2.75], "texture": "#0"},
				"down": {"uv": [4, 2.75, 2, 2.75], "texture": "#0"}
			}
		},
		{
			"from": [4, 3, 4],
			"to": [12, 11, 4],
			"rotation": {"angle": 45, "axis": "y", "origin": [8, 7, 8]},
			"faces": {
				"north": {"uv": [2, 2.75, 4, 4.75], "texture": "#0"},
				"east": {"uv": [2, 2.75, 2, 4.75], "texture": "#missing"},
				"south": {"uv": [4, 2.75, 6, 4.75], "texture": "#0"},
				"west": {"uv": [4, 2.75, 4, 4.75], "texture": "#missing"},
				"up": {"uv": [4, 2.75, 2, 2.75], "texture": "#missing"},
				"down": {"uv": [6, 2.75, 4, 2.75], "texture": "#missing"}
			}
		},
		{
			"from": [12, 3, 4],
			"to": [12, 11, 12],
			"rotation": {"angle": 45, "axis": "y", "origin": [8, 7, 8]},
			"faces": {
				"north": {"uv": [4, 2.75, 4, 4.75], "texture": "#0"},
				"east": {"uv": [2, 2.75, 4, 4.75], "texture": "#0"},
				"south": {"uv": [6, 2.75, 6, 4.75], "texture": "#0"},
				"west": {"uv": [4, 2.75, 6, 4.75], "texture": "#0"},
				"up": {"uv": [4, 2.75, 4, 0.75], "texture": "#0"},
				"down": {"uv": [4, 0.75, 4, 2.75], "texture": "#0"}
			}
		},
		{
			"from": [4, 3, 4],
			"to": [4, 11, 12],
			"rotation": {"angle": 45, "axis": "y", "origin": [8, 7, 8]},
			"faces": {
				"north": {"uv": [2, 2.75, 2, 4.75], "texture": "#0"},
				"east": {"uv": [0, 2.75, 2, 4.75], "texture": "#0"},
				"south": {"uv": [4, 2.75, 4, 4.75], "texture": "#0"},
				"west": {"uv": [2, 2.75, 4, 4.75], "texture": "#0"},
				"up": {"uv": [2, 2.75, 2, 0.75], "texture": "#0"},
				"down": {"uv": [2, 0.75, 2, 2.75], "texture": "#0"}
			}
		},
		{
			"name": "bottom",
			"from": [4, 3.001, 4],
			"to": [12, 3.001, 12],
			"rotation": {"angle": 45, "axis": "y", "origin": [8, 7, 8]},
			"faces": {
				"north": {"uv": [10, 2, 12, 2], "texture": "#0"},
				"east": {"uv": [8, 2, 10, 2], "texture": "#0"},
				"south": {"uv": [14, 2, 16, 2], "texture": "#0"},
				"west": {"uv": [12, 2, 14, 2], "texture": "#0"},
				"up": {"uv": [12, 2, 10, 0], "texture": "#0"},
				"down": {"uv": [14, 0, 12, 2], "texture": "#0"}
			}
		},
		{
			"name": "top",
			"from": [4, 11, 4],
			"to": [12, 11, 12],
			"rotation": {"angle": 45, "axis": "y", "origin": [8, 7, 8]},
			"faces": {
				"north": {"uv": [2, 4.75, 4, 4.75], "texture": "#0"},
				"east": {"uv": [0, 4.75, 2, 4.75], "texture": "#0"},
				"south": {"uv": [6, 4.75, 8, 4.75], "texture": "#0"},
				"west": {"uv": [4, 4.75, 6, 4.75], "texture": "#0"},
				"up": {"uv": [4, 4.75, 2, 2.75], "texture": "#0"},
				"down": {"uv": [6, 2.75, 4, 4.75], "texture": "#0"}
			}
		},
		{
			"name": "tree",
			"from": [4.25, 3, 8],
			"to": [12.25, 11, 8],
			"rotation": {"angle": 0, "axis": "y", "origin": [8, 7, 8]},
			"faces": {
				"north": {"uv": [4, 8, 0, 12], "texture": "#0"},
				"east": {"uv": [0.75, 8.25, 0.75, 10.25], "texture": "#0"},
				"south": {"uv": [0, 8, 4, 12], "texture": "#0"},
				"west": {"uv": [2.75, 8.25, 2.75, 10.25], "texture": "#0"},
				"up": {"uv": [2.75, 8.25, 0.75, 8.25], "texture": "#0"},
				"down": {"uv": [4.75, 8.25, 2.75, 8.25], "texture": "#0"}
			}
		},
		{
			"name": "tree",
			"from": [8, 3, 4.25],
			"to": [8, 11, 12.25],
			"rotation": {"angle": 0, "axis": "y", "origin": [8, 7, 8]},
			"faces": {
				"north": {"uv": [2.75, 8.25, 2.75, 10.25], "texture": "#0"},
				"east": {"uv": [4, 8, 0, 12], "texture": "#0"},
				"south": {"uv": [0.75, 8.25, 0.75, 10.25], "texture": "#0"},
				"west": {"uv": [0, 8, 4, 12], "texture": "#0"},
				"up": {"uv": [2.75, 8.25, 0.75, 8.25], "rotation": 90, "texture": "#0"},
				"down": {"uv": [4.75, 8.25, 2.75, 8.25], "rotation": 270, "texture": "#0"}
			}
		}
	],
	"display": {
		"head": {
			"translation": [0, -14, 0],
			"scale": [2, 2, 2]
		}
	},
	"groups": [
		0,
		{
			"name": "globe",
			"origin": [8, 7, 8],
			"color": 0,
			"children": [1, 2, 3, 4, 5, 6]
		},
		7,
		8
	]
}