{
	"credit": "Made by BronGhast014 with Blockbench",
	"ambientocclusion": false,
	"texture_size": [64, 64],
	"textures": {
		"0": "bgcd:decoration/tree",
		"particle": "bgcd:decoration/tree"
	},
	"elements": [
		{
			"from": [5.5, 20, 8],
			"to": [10.5, 27, 8],
			"rotation": {"angle": 0, "axis": "y", "origin": [5.5, 20, 7]},
			"faces": {
				"north": {"uv": [10, 10.25, 11.25, 12], "texture": "#0"},
				"east": {"uv": [0, 0, 0, 1.25], "texture": "#0"},
				"south": {"uv": [10, 10.25, 11.25, 12], "texture": "#0"},
				"west": {"uv": [0, 0, 0, 1.25], "texture": "#0"},
				"up": {"uv": [0, 0, 1, 0], "texture": "#0"},
				"down": {"uv": [0, 0, 1, 0], "texture": "#0"}
			}
		},
		{
			"from": [8, 20, 5.5],
			"to": [8, 27, 10.5],
			"rotation": {"angle": 0, "axis": "y", "origin": [8, 23.5, 8]},
			"faces": {
				"north": {"uv": [0, 0, 0, 1.25], "texture": "#0"},
				"east": {"uv": [10, 10.25, 11.25, 12], "texture": "#0"},
				"south": {"uv": [0, 0, 0, 1.25], "texture": "#0"},
				"west": {"uv": [10, 10.25, 11.25, 12], "texture": "#0"},
				"up": {"uv": [0, 0, 1, 0], "rotation": 90, "texture": "#0"},
				"down": {"uv": [0, 0, 1, 0], "rotation": 270, "texture": "#0"}
			}
		},
		{
			"from": [0, -0.58579, -6.41421],
			"to": [16, -0.58579, 9.58579],
			"rotation": {"angle": -45, "axis": "x", "origin": [8, -4, 8]},
			"faces": {
				"north": {"uv": [12, 3.75, 16, 3.75], "texture": "#0"},
				"east": {"uv": [12, 3.75, 16, 3.75], "texture": "#0"},
				"south": {"uv": [12, 3.75, 16, 3.75], "texture": "#0"},
				"west": {"uv": [12, 3.75, 16, 3.75], "texture": "#0"},
				"up": {"uv": [4, 4, 0, 0], "texture": "#0"},
				"down": {"uv": [4, 4, 0, 8], "texture": "#0"}
			}
		},
		{
			"from": [0, 6.07107, -0.75736],
			"to": [16, 6.07107, 15.24264],
			"rotation": {"angle": -45, "axis": "x", "origin": [8, -3, 8]},
			"faces": {
				"north": {"uv": [12, 3.75, 16, 3.75], "texture": "#0"},
				"east": {"uv": [12, 3.75, 16, 3.75], "texture": "#0"},
				"south": {"uv": [12, 3.75, 16, 3.75], "texture": "#0"},
				"west": {"uv": [12, 3.75, 16, 3.75], "texture": "#0"},
				"up": {"uv": [8, 4, 4, 0], "texture": "#0"},
				"down": {"uv": [8, 4, 4, 8], "texture": "#0"}
			}
		},
		{
			"from": [0, 10.72792, 7.31371],
			"to": [16, 10.72792, 22.31371],
			"rotation": {"angle": -45, "axis": "x", "origin": [8, -4, 8]},
			"faces": {
				"north": {"uv": [12, 3.75, 16, 3.75], "texture": "#0"},
				"east": {"uv": [12.25, 3.75, 16, 3.75], "texture": "#0"},
				"south": {"uv": [12, 3.75, 16, 3.75], "texture": "#0"},
				"west": {"uv": [12.25, 3.75, 16, 3.75], "texture": "#0"},
				"up": {"uv": [12, 3.75, 8, 0], "texture": "#0"},
				"down": {"uv": [12, 4, 8, 7.75], "texture": "#0"}
			}
		},
		{
			"from": [0, 14.97056, 13.97056],
			"to": [16, 14.97056, 26.97056],
			"rotation": {"angle": -45, "axis": "x", "origin": [8, -4, 8]},
			"faces": {
				"north": {"uv": [12, 3.5, 16, 3.5], "texture": "#0"},
				"east": {"uv": [12.75, 3.5, 16, 3.5], "texture": "#0"},
				"south": {"uv": [12, 3.5, 16, 3.5], "texture": "#0"},
				"west": {"uv": [12.75, 3.5, 16, 3.5], "texture": "#0"},
				"up": {"uv": [16, 3.25, 12, 0], "texture": "#0"},
				"down": {"uv": [16, 4, 12, 7.25], "texture": "#0"}
			}
		},
		{
			"from": [0, 3.97056, 13.97056],
			"to": [16, 3.97056, 26.97056],
			"rotation": {"angle": -45, "axis": "x", "origin": [8, -15, 8]},
			"faces": {
				"north": {"uv": [12, 3.5, 16, 3.5], "texture": "#0"},
				"east": {"uv": [12.75, 3.5, 16, 3.5], "texture": "#0"},
				"south": {"uv": [12, 3.5, 16, 3.5], "texture": "#0"},
				"west": {"uv": [12.75, 3.5, 16, 3.5], "texture": "#0"},
				"up": {"uv": [16, 3.25, 12, 0], "texture": "#0"},
				"down": {"uv": [16, 4, 12, 7.25], "texture": "#0"}
			}
		},
		{
			"from": [0, -5.02944, 13.97056],
			"to": [16, -5.02944, 26.97056],
			"rotation": {"angle": -45, "axis": "x", "origin": [8, -24, 8]},
			"faces": {
				"north": {"uv": [12, 3.5, 16, 3.5], "texture": "#0"},
				"east": {"uv": [12.75, 3.5, 16, 3.5], "texture": "#0"},
				"south": {"uv": [12, 3.5, 16, 3.5], "texture": "#0"},
				"west": {"uv": [12.75, 3.5, 16, 3.5], "texture": "#0"},
				"up": {"uv": [16, 3.25, 12, 0], "texture": "#0"},
				"down": {"uv": [16, 4, 12, 7.25], "texture": "#0"}
			}
		},
		{
			"from": [9, -1, 0],
			"to": [25, -1, 16],
			"rotation": {"angle": -45, "axis": "z", "origin": [10, -1, 8]},
			"faces": {
				"north": {"uv": [4, 8, 8, 8], "texture": "#missing"},
				"east": {"uv": [0, 8, 4, 8], "texture": "#missing"},
				"south": {"uv": [12, 8, 16, 8], "texture": "#missing"},
				"west": {"uv": [8, 8, 12, 8], "texture": "#missing"},
				"up": {"uv": [4, 4, 0, 0], "rotation": 90, "texture": "#0"},
				"down": {"uv": [4, 4, 0, 8], "texture": "#0"}
			}
		},
		{
			"from": [9, 8, 0],
			"to": [25, 8, 16],
			"rotation": {"angle": -45, "axis": "z", "origin": [10, 8, 8]},
			"faces": {
				"north": {"uv": [4, 8, 8, 8], "texture": "#missing"},
				"east": {"uv": [0, 8, 4, 8], "texture": "#missing"},
				"south": {"uv": [12, 8, 16, 8], "texture": "#missing"},
				"west": {"uv": [8, 8, 12, 8], "texture": "#missing"},
				"up": {"uv": [8, 4, 4, 0], "rotation": 90, "texture": "#0"},
				"down": {"uv": [8, 4, 4, 8], "texture": "#0"}
			}
		},
		{
			"from": [9, 16, 0],
			"to": [24, 16, 16],
			"rotation": {"angle": -45, "axis": "z", "origin": [10, 16, 8]},
			"faces": {
				"north": {"uv": [4, 15.75, 7.75, 15.75], "texture": "#missing"},
				"east": {"uv": [0, 15.75, 4, 15.75], "texture": "#missing"},
				"south": {"uv": [11.75, 15.75, 15.5, 15.75], "texture": "#missing"},
				"west": {"uv": [7.75, 15.75, 11.75, 15.75], "texture": "#missing"},
				"up": {"uv": [12, 3.75, 8, 0], "rotation": 90, "texture": "#0"},
				"down": {"uv": [8, 7.75, 12, 4], "rotation": 90, "texture": "#0"}
			}
		},
		{
			"from": [9, 22, 0],
			"to": [22, 22, 16],
			"rotation": {"angle": -45, "axis": "z", "origin": [10, 22, 8]},
			"faces": {
				"north": {"uv": [4, 11, 7.25, 11], "texture": "#missing"},
				"east": {"uv": [0, 11, 4, 11], "texture": "#missing"},
				"south": {"uv": [11.25, 11, 14.5, 11], "texture": "#missing"},
				"west": {"uv": [7.25, 11, 11.25, 11], "texture": "#missing"},
				"up": {"uv": [16, 3.25, 12, 0], "rotation": 90, "texture": "#0"},
				"down": {"uv": [12, 7.25, 16, 4], "rotation": 90, "texture": "#0"}
			}
		},
		{
			"from": [9, 11, 0],
			"to": [22, 11, 16],
			"rotation": {"angle": -45, "axis": "z", "origin": [10, 11, 8]},
			"faces": {
				"north": {"uv": [4, 11, 7.25, 11], "texture": "#missing"},
				"east": {"uv": [0, 11, 4, 11], "texture": "#missing"},
				"south": {"uv": [11.25, 11, 14.5, 11], "texture": "#missing"},
				"west": {"uv": [7.25, 11, 11.25, 11], "texture": "#missing"},
				"up": {"uv": [16, 3.25, 12, 0], "rotation": 90, "texture": "#0"},
				"down": {"uv": [12, 7.25, 16, 4], "rotation": 90, "texture": "#0"}
			}
		},
		{
			"from": [9, 2, 0],
			"to": [22, 2, 16],
			"rotation": {"angle": -45, "axis": "z", "origin": [10, 2, 8]},
			"faces": {
				"north": {"uv": [4, 11, 7.25, 11], "texture": "#missing"},
				"east": {"uv": [0, 11, 4, 11], "texture": "#missing"},
				"south": {"uv": [11.25, 11, 14.5, 11], "texture": "#missing"},
				"west": {"uv": [7.25, 11, 11.25, 11], "texture": "#missing"},
				"up": {"uv": [16, 3.25, 12, 0], "rotation": 90, "texture": "#0"},
				"down": {"uv": [12, 7.25, 16, 4], "rotation": 90, "texture": "#0"}
			}
		},
		{
			"from": [0, -0.58579, 6.41421],
			"to": [16, -0.58579, 22.41421],
			"rotation": {"angle": 45, "axis": "x", "origin": [8, -4, 8]},
			"faces": {
				"north": {"uv": [16, 3.75, 12, 3.75], "texture": "#0"},
				"east": {"uv": [16, 3.75, 12, 3.75], "texture": "#0"},
				"south": {"uv": [16, 3.75, 12, 3.75], "texture": "#0"},
				"west": {"uv": [16, 3.75, 12, 3.75], "texture": "#0"},
				"up": {"uv": [4, 0, 0, 4], "texture": "#0"},
				"down": {"uv": [4, 8, 0, 4], "texture": "#0"}
			}
		},
		{
			"from": [0, 6.07107, 0.75736],
			"to": [16, 6.07107, 16.75736],
			"rotation": {"angle": 45, "axis": "x", "origin": [8, -3, 8]},
			"faces": {
				"north": {"uv": [16, 3.75, 12, 3.75], "texture": "#0"},
				"east": {"uv": [16, 3.75, 12, 3.75], "texture": "#0"},
				"south": {"uv": [16, 3.75, 12, 3.75], "texture": "#0"},
				"west": {"uv": [16, 3.75, 12, 3.75], "texture": "#0"},
				"up": {"uv": [8, 0, 4, 4], "texture": "#0"},
				"down": {"uv": [8, 8, 4, 4], "texture": "#0"}
			}
		},
		{
			"from": [0, 10.72792, -6.31371],
			"to": [16, 10.72792, 8.68629],
			"rotation": {"angle": 45, "axis": "x", "origin": [8, -4, 8]},
			"faces": {
				"north": {"uv": [16, 3.75, 12, 3.75], "texture": "#0"},
				"east": {"uv": [16, 3.75, 12.25, 3.75], "texture": "#0"},
				"south": {"uv": [16, 3.75, 12, 3.75], "texture": "#0"},
				"west": {"uv": [16, 3.75, 12.25, 3.75], "texture": "#0"},
				"up": {"uv": [12, 0, 8, 3.75], "texture": "#0"},
				"down": {"uv": [12, 7.75, 8, 4], "texture": "#0"}
			}
		},
		{
			"from": [0, 22.23223, 7.75305],
			"to": [16, 22.23223, 20.75305],
			"rotation": {"angle": 45, "axis": "x", "origin": [8, 22.23223, 8.59619]},
			"faces": {
				"north": {"uv": [16, 3.5, 12, 3.5], "texture": "#0"},
				"east": {"uv": [16, 3.5, 12.75, 3.5], "texture": "#0"},
				"south": {"uv": [16, 3.5, 12, 3.5], "texture": "#0"},
				"west": {"uv": [16, 3.5, 12.75, 3.5], "texture": "#0"},
				"up": {"uv": [16, 0, 12, 3.25], "texture": "#0"},
				"down": {"uv": [16, 7.25, 12, 4], "texture": "#0"}
			}
		},
		{
			"from": [0, 11.23223, 7.75305],
			"to": [16, 11.23223, 20.75305],
			"rotation": {"angle": 45, "axis": "x", "origin": [8, 11.23223, 8.59619]},
			"faces": {
				"north": {"uv": [16, 3.5, 12, 3.5], "texture": "#0"},
				"east": {"uv": [16, 3.5, 12.75, 3.5], "texture": "#0"},
				"south": {"uv": [16, 3.5, 12, 3.5], "texture": "#0"},
				"west": {"uv": [16, 3.5, 12.75, 3.5], "texture": "#0"},
				"up": {"uv": [16, 0, 12, 3.25], "texture": "#0"},
				"down": {"uv": [16, 7.25, 12, 4], "texture": "#0"}
			}
		},
		{
			"from": [0, 2.23223, 7.75305],
			"to": [16, 2.23223, 20.75305],
			"rotation": {"angle": 45, "axis": "x", "origin": [8, 2.23223, 8.59619]},
			"faces": {
				"north": {"uv": [16, 3.5, 12, 3.5], "texture": "#0"},
				"east": {"uv": [16, 3.5, 12.75, 3.5], "texture": "#0"},
				"south": {"uv": [16, 3.5, 12, 3.5], "texture": "#0"},
				"west": {"uv": [16, 3.5, 12.75, 3.5], "texture": "#0"},
				"up": {"uv": [16, 0, 12, 3.25], "texture": "#0"},
				"down": {"uv": [16, 7.25, 12, 4], "texture": "#0"}
			}
		},
		{
			"from": [-9, -1, 0],
			"to": [7, -1, 16],
			"rotation": {"angle": 45, "axis": "z", "origin": [6, -1, 8]},
			"faces": {
				"north": {"uv": [8, 8, 4, 8], "texture": "#missing"},
				"east": {"uv": [12, 8, 8, 8], "texture": "#missing"},
				"south": {"uv": [16, 8, 12, 8], "texture": "#missing"},
				"west": {"uv": [4, 8, 0, 8], "texture": "#missing"},
				"up": {"uv": [4, 0, 0, 4], "rotation": 90, "texture": "#0"},
				"down": {"uv": [0, 4, 4, 8], "texture": "#0"}
			}
		},
		{
			"from": [-9, 8, 0],
			"to": [7, 8, 16],
			"rotation": {"angle": 45, "axis": "z", "origin": [6, 8, 8]},
			"faces": {
				"north": {"uv": [8, 8, 4, 8], "texture": "#missing"},
				"east": {"uv": [12, 8, 8, 8], "texture": "#missing"},
				"south": {"uv": [16, 8, 12, 8], "texture": "#missing"},
				"west": {"uv": [4, 8, 0, 8], "texture": "#missing"},
				"up": {"uv": [8, 0, 4, 4], "rotation": 90, "texture": "#0"},
				"down": {"uv": [4, 4, 8, 8], "texture": "#0"}
			}
		},
		{
			"from": [-8, 16, 0],
			"to": [7, 16, 16],
			"rotation": {"angle": 45, "axis": "z", "origin": [6, 16, 8]},
			"faces": {
				"north": {"uv": [7.75, 15.75, 4, 15.75], "texture": "#missing"},
				"east": {"uv": [11.75, 15.75, 7.75, 15.75], "texture": "#missing"},
				"south": {"uv": [15.5, 15.75, 11.75, 15.75], "texture": "#missing"},
				"west": {"uv": [4, 15.75, 0, 15.75], "texture": "#missing"},
				"up": {"uv": [12, 0, 8, 3.75], "rotation": 90, "texture": "#0"},
				"down": {"uv": [8, 4, 12, 7.75], "rotation": 90, "texture": "#0"}
			}
		},
		{
			"from": [-6, 22, 0],
			"to": [7, 22, 16],
			"rotation": {"angle": 45, "axis": "z", "origin": [6, 22, 8]},
			"faces": {
				"north": {"uv": [7.25, 11, 4, 11], "texture": "#missing"},
				"east": {"uv": [11.25, 11, 7.25, 11], "texture": "#missing"},
				"south": {"uv": [14.5, 11, 11.25, 11], "texture": "#missing"},
				"west": {"uv": [4, 11, 0, 11], "texture": "#missing"},
				"up": {"uv": [16, 0, 12, 3.25], "rotation": 90, "texture": "#0"},
				"down": {"uv": [12, 4, 16, 7.25], "rotation": 90, "texture": "#0"}
			}
		},
		{
			"from": [-6, 11, 0],
			"to": [7, 11, 16],
			"rotation": {"angle": 45, "axis": "z", "origin": [6, 11, 8]},
			"faces": {
				"north": {"uv": [7.25, 11, 4, 11], "texture": "#missing"},
				"east": {"uv": [11.25, 11, 7.25, 11], "texture": "#missing"},
				"south": {"uv": [14.5, 11, 11.25, 11], "texture": "#missing"},
				"west": {"uv": [4, 11, 0, 11], "texture": "#missing"},
				"up": {"uv": [16, 0, 12, 3.25], "rotation": 90, "texture": "#0"},
				"down": {"uv": [12, 4, 16, 7.25], "rotation": 90, "texture": "#0"}
			}
		},
		{
			"from": [-6, 2, 0],
			"to": [7, 2, 16],
			"rotation": {"angle": 45, "axis": "z", "origin": [6, 2, 8]},
			"faces": {
				"north": {"uv": [7.25, 11, 4, 11], "texture": "#missing"},
				"east": {"uv": [11.25, 11, 7.25, 11], "texture": "#missing"},
				"south": {"uv": [14.5, 11, 11.25, 11], "texture": "#missing"},
				"west": {"uv": [4, 11, 0, 11], "texture": "#missing"},
				"up": {"uv": [16, 0, 12, 3.25], "rotation": 90, "texture": "#0"},
				"down": {"uv": [12, 4, 16, 7.25], "rotation": 90, "texture": "#0"}
			}
		},
		{
			"from": [6, -16, 6],
			"to": [10, -2, 10],
			"faces": {
				"north": {"uv": [1, 9.25, 2, 12.75], "texture": "#0"},
				"east": {"uv": [0, 9.25, 1, 12.75], "texture": "#0"},
				"south": {"uv": [3, 9.25, 4, 12.75], "texture": "#0"},
				"west": {"uv": [2, 9.25, 3, 12.75], "texture": "#0"},
				"up": {"uv": [2, 9.25, 1, 8.25], "texture": "#0"},
				"down": {"uv": [3, 8.25, 2, 9.25], "texture": "#0"}
			}
		},
		{
			"from": [6.5, -2, 6.5],
			"to": [9.5, 12, 9.5],
			"faces": {
				"north": {"uv": [5, 9.25, 5.75, 12.75], "texture": "#0"},
				"east": {"uv": [4.25, 9.25, 5, 12.75], "texture": "#0"},
				"south": {"uv": [6.5, 9.25, 7.25, 12.75], "texture": "#0"},
				"west": {"uv": [5.75, 9.25, 6.5, 12.75], "texture": "#0"},
				"up": {"uv": [5.75, 9.25, 5, 8.5], "texture": "#0"},
				"down": {"uv": [6.5, 8.5, 5.75, 9.25], "texture": "#0"}
			}
		},
		{
			"from": [7, 12, 7],
			"to": [9, 23, 9],
			"shade": false,
			"faces": {
				"north": {"uv": [8.5, 9.25, 8, 12], "texture": "#0"},
				"east": {"uv": [9, 9.25, 8.5, 12], "texture": "#0"},
				"south": {"uv": [9.5, 9.25, 9, 12], "texture": "#0"},
				"west": {"uv": [8, 9.25, 7.5, 12], "texture": "#0"},
				"up": {"uv": [8, 9.25, 8.5, 8.75], "texture": "#0"},
				"down": {"uv": [8.5, 8.75, 9, 9.25], "texture": "#0"}
			}
		},
		{
			"from": [4.51, 25, 8.1],
			"to": [11.51, 32, 8.1],
			"faces": {
				"north": {"uv": [0.25, 13, 2, 14.75], "texture": "#0"},
				"east": {"uv": [0.25, 13, 0.25, 14.75], "texture": "#0"},
				"south": {"uv": [2, 13, 3.75, 14.75], "texture": "#0"},
				"west": {"uv": [2, 13, 2, 14.75], "texture": "#0"},
				"up": {"uv": [2, 13, 0.25, 13], "texture": "#0"},
				"down": {"uv": [3.75, 13, 2, 13], "texture": "#0"}
			}
		},
		{
			"from": [8.1, 25, 4.51],
			"to": [8.1, 32, 11.51],
			"rotation": {"angle": 0, "axis": "y", "origin": [8, 28.5, 8]},
			"faces": {
				"north": {"uv": [2, 13, 2, 14.75], "texture": "#0"},
				"east": {"uv": [0.25, 13, 2, 14.75], "texture": "#0"},
				"south": {"uv": [3.75, 13, 3.75, 14.75], "texture": "#missing"},
				"west": {"uv": [2, 13, 3.75, 14.75], "texture": "#0"},
				"up": {"uv": [2, 13, 2, 11.25], "texture": "#missing"},
				"down": {"uv": [2, 11.25, 2, 13], "texture": "#missing"}
			}
		},
		{
			"from": [-2, 6, 3],
			"to": [1, 9, 6],
			"rotation": {"angle": -45, "axis": "y", "origin": [-0.5, 7.5, 4.5]},
			"faces": {
				"north": {"uv": [4, 15.25, 4.75, 16], "texture": "#0"},
				"east": {"uv": [4.75, 15.25, 5.5, 16], "texture": "#0"},
				"south": {"uv": [5.5, 15.25, 6.25, 16], "texture": "#0"},
				"west": {"uv": [6.25, 15.25, 7, 16], "texture": "#0"},
				"up": {"uv": [4.75, 14.5, 5.5, 15.25], "texture": "#0"},
				"down": {"uv": [5.5, 14.5, 6.25, 15.25], "texture": "#0"}
			}
		},
		{
			"from": [2, 15, 11],
			"to": [5, 18, 14],
			"rotation": {"angle": -45, "axis": "y", "origin": [3.5, 16.5, 12.5]},
			"faces": {
				"north": {"uv": [4, 13.75, 4.75, 14.5], "texture": "#0"},
				"east": {"uv": [4.75, 13.75, 5.5, 14.5], "texture": "#0"},
				"south": {"uv": [5.5, 13.75, 6.25, 14.5], "texture": "#0"},
				"west": {"uv": [6.25, 13.75, 7, 14.5], "texture": "#0"},
				"up": {"uv": [4.75, 13, 5.5, 13.75], "texture": "#0"},
				"down": {"uv": [5.5, 13, 6.25, 13.75], "texture": "#0"}
			}
		},
		{
			"from": [11, 15, 5],
			"to": [14, 18, 8],
			"rotation": {"angle": -45, "axis": "y", "origin": [12.5, 16.5, 6.5]},
			"faces": {
				"north": {"uv": [4, 15.25, 4.75, 16], "texture": "#0"},
				"east": {"uv": [4.75, 15.25, 5.5, 16], "texture": "#0"},
				"south": {"uv": [5.5, 15.25, 6.25, 16], "texture": "#0"},
				"west": {"uv": [6.25, 15.25, 7, 16], "texture": "#0"},
				"up": {"uv": [4.75, 14.5, 5.5, 15.25], "texture": "#0"},
				"down": {"uv": [5.5, 14.5, 6.25, 15.25], "texture": "#0"}
			}
		},
		{
			"from": [3, 15, 2],
			"to": [6, 18, 5],
			"rotation": {"angle": 0, "axis": "y", "origin": [4.5, 16.5, 3.5]},
			"faces": {
				"north": {"uv": [7, 13.75, 7.75, 14.5], "texture": "#0"},
				"east": {"uv": [7.75, 13.75, 8.5, 14.5], "texture": "#0"},
				"south": {"uv": [8.5, 13.75, 9.25, 14.5], "texture": "#0"},
				"west": {"uv": [9.25, 13.75, 10, 14.5], "texture": "#0"},
				"up": {"uv": [7.75, 13, 8.5, 13.75], "rotation": 90, "texture": "#0"},
				"down": {"uv": [8.5, 13, 9.25, 13.75], "rotation": 270, "texture": "#0"}
			}
		},
		{
			"from": [9, 6, -1],
			"to": [12, 9, 2],
			"rotation": {"angle": -45, "axis": "y", "origin": [10.5, 7.5, 0.5]},
			"faces": {
				"north": {"uv": [4, 13.75, 4.75, 14.5], "texture": "#0"},
				"east": {"uv": [4.75, 13.75, 5.5, 14.5], "texture": "#0"},
				"south": {"uv": [5.5, 13.75, 6.25, 14.5], "texture": "#0"},
				"west": {"uv": [6.25, 13.75, 7, 14.5], "texture": "#0"},
				"up": {"uv": [4.75, 13, 5.5, 13.75], "texture": "#0"},
				"down": {"uv": [5.5, 13, 6.25, 13.75], "texture": "#0"}
			}
		},
		{
			"from": [9, 6, 14],
			"to": [12, 9, 17],
			"rotation": {"angle": -45, "axis": "y", "origin": [10.5, 7.5, 15.5]},
			"faces": {
				"north": {"uv": [4, 15.25, 4.75, 16], "texture": "#0"},
				"east": {"uv": [4.75, 15.25, 5.5, 16], "texture": "#0"},
				"south": {"uv": [5.5, 15.25, 6.25, 16], "texture": "#0"},
				"west": {"uv": [6.25, 15.25, 7, 16], "texture": "#0"},
				"up": {"uv": [4.75, 14.5, 5.5, 15.25], "texture": "#0"},
				"down": {"uv": [5.5, 14.5, 6.25, 15.25], "texture": "#0"}
			}
		},
		{
			"from": [15, 5, 6],
			"to": [18, 8, 9],
			"rotation": {"angle": 0, "axis": "y", "origin": [16.5, 6.5, 7.5]},
			"faces": {
				"north": {"uv": [7, 13.75, 7.75, 14.5], "texture": "#0"},
				"east": {"uv": [7.75, 13.75, 8.5, 14.5], "texture": "#0"},
				"south": {"uv": [8.5, 13.75, 9.25, 14.5], "texture": "#0"},
				"west": {"uv": [9.25, 13.75, 10, 14.5], "texture": "#0"},
				"up": {"uv": [7.75, 13, 8.5, 13.75], "rotation": 90, "texture": "#0"},
				"down": {"uv": [8.5, 13, 9.25, 13.75], "rotation": 270, "texture": "#0"}
			}
		},
		{
			"from": [-2, -2, 11],
			"to": [1, 1, 14],
			"rotation": {"angle": 0, "axis": "y", "origin": [-0.5, -0.5, 12.5]},
			"faces": {
				"north": {"uv": [7, 13.75, 7.75, 14.5], "texture": "#0"},
				"east": {"uv": [7.75, 13.75, 8.5, 14.5], "texture": "#0"},
				"south": {"uv": [8.5, 13.75, 9.25, 14.5], "texture": "#0"},
				"west": {"uv": [9.25, 13.75, 10, 14.5], "texture": "#0"},
				"up": {"uv": [7.75, 13, 8.5, 13.75], "rotation": 90, "texture": "#0"},
				"down": {"uv": [8.5, 13, 9.25, 13.75], "rotation": 270, "texture": "#0"}
			}
		},
		{
			"from": [-1, -10, 0],
			"to": [2, -7, 3],
			"rotation": {"angle": -45, "axis": "y", "origin": [0.5, -8.5, 1.5]},
			"faces": {
				"north": {"uv": [7, 13.75, 7.75, 14.5], "texture": "#0"},
				"east": {"uv": [7.75, 13.75, 8.5, 14.5], "texture": "#0"},
				"south": {"uv": [8.5, 13.75, 9.25, 14.5], "texture": "#0"},
				"west": {"uv": [9.25, 13.75, 10, 14.5], "texture": "#0"},
				"up": {"uv": [7.75, 13, 8.5, 13.75], "texture": "#0"},
				"down": {"uv": [8.5, 13, 9.25, 13.75], "texture": "#0"}
			}
		},
		{
			"from": [5, -4, -4],
			"to": [8, -1, -1],
			"rotation": {"angle": 0, "axis": "y", "origin": [6.5, -2.5, -2.5]},
			"faces": {
				"north": {"uv": [4, 15.25, 4.75, 16], "texture": "#0"},
				"east": {"uv": [4.75, 15.25, 5.5, 16], "texture": "#0"},
				"south": {"uv": [5.5, 15.25, 6.25, 16], "texture": "#0"},
				"west": {"uv": [6.25, 15.25, 7, 16], "texture": "#0"},
				"up": {"uv": [4.75, 14.5, 5.5, 15.25], "texture": "#0"},
				"down": {"uv": [5.5, 14.5, 6.25, 15.25], "texture": "#0"}
			}
		},
		{
			"from": [17, -4, 2],
			"to": [20, -1, 5],
			"rotation": {"angle": -45, "axis": "y", "origin": [18.5, -2.5, 3.5]},
			"faces": {
				"north": {"uv": [4, 13.75, 4.75, 14.5], "texture": "#0"},
				"east": {"uv": [4.75, 13.75, 5.5, 14.5], "texture": "#0"},
				"south": {"uv": [5.5, 13.75, 6.25, 14.5], "texture": "#0"},
				"west": {"uv": [6.25, 13.75, 7, 14.5], "texture": "#0"},
				"up": {"uv": [4.75, 13, 5.5, 13.75], "texture": "#0"},
				"down": {"uv": [5.5, 13, 6.25, 13.75], "texture": "#0"}
			}
		},
		{
			"from": [17, -13, 11],
			"to": [20, -10, 14],
			"rotation": {"angle": -45, "axis": "y", "origin": [18.5, -11.5, 12.5]},
			"faces": {
				"north": {"uv": [4, 15.25, 4.75, 16], "texture": "#0"},
				"east": {"uv": [4.75, 15.25, 5.5, 16], "texture": "#0"},
				"south": {"uv": [5.5, 15.25, 6.25, 16], "texture": "#0"},
				"west": {"uv": [6.25, 15.25, 7, 16], "texture": "#0"},
				"up": {"uv": [4.75, 14.5, 5.5, 15.25], "texture": "#0"},
				"down": {"uv": [5.5, 14.5, 6.25, 15.25], "texture": "#0"}
			}
		},
		{
			"from": [4, -13, 17],
			"to": [7, -10, 20],
			"rotation": {"angle": -45, "axis": "y", "origin": [5.5, -11.5, 18.5]},
			"faces": {
				"north": {"uv": [4, 13.75, 4.75, 14.5], "texture": "#0"},
				"east": {"uv": [4.75, 13.75, 5.5, 14.5], "texture": "#0"},
				"south": {"uv": [5.5, 13.75, 6.25, 14.5], "texture": "#0"},
				"west": {"uv": [6.25, 13.75, 7, 14.5], "texture": "#0"},
				"up": {"uv": [4.75, 13, 5.5, 13.75], "texture": "#0"},
				"down": {"uv": [5.5, 13, 6.25, 13.75], "texture": "#0"}
			}
		},
		{
			"from": [11, -13, -5],
			"to": [14, -10, -2],
			"rotation": {"angle": 22.5, "axis": "y", "origin": [12.5, -11.5, -3.5]},
			"faces": {
				"north": {"uv": [4, 13.75, 4.75, 14.5], "texture": "#0"},
				"east": {"uv": [4.75, 13.75, 5.5, 14.5], "texture": "#0"},
				"south": {"uv": [5.5, 13.75, 6.25, 14.5], "texture": "#0"},
				"west": {"uv": [6.25, 13.75, 7, 14.5], "texture": "#0"},
				"up": {"uv": [4.75, 13, 5.5, 13.75], "rotation": 90, "texture": "#0"},
				"down": {"uv": [5.5, 13, 6.25, 13.75], "rotation": 270, "texture": "#0"}
			}
		}
	],
	"display": {
		"head": {
			"translation": [0, -5, 0],
			"scale": [1.8, 1.8, 1.8]
		}
	},
	"groups": [
		{
			"name": "christmas tree",
			"origin": [8, 8, 8],
			"color": 0,
			"children": [
				{
					"name": "tree",
					"origin": [8, 8, 8],
					"color": 0,
					"children": [
						{
							"name": "top",
							"origin": [8, 8, 8],
							"color": 0,
							"children": [0, 1]
						},
						{
							"name": "leaves",
							"origin": [8, 8, 8],
							"color": 0,
							"children": [
								{
									"name": "leaves N",
									"origin": [8, 8, 8],
									"color": 0,
									"children": [2, 3, 4, 5, 6, 7]
								},
								{
									"name": "leaves E",
									"origin": [8, 8, 8],
									"color": 0,
									"children": [8, 9, 10, 11, 12, 13]
								},
								{
									"name": "leaves S",
									"origin": [8, 8, 8],
									"color": 0,
									"children": [14, 15, 16, 17, 18, 19]
								},
								{
									"name": "leaves W",
									"origin": [8, 8, 8],
									"color": 0,
									"children": [20, 21, 22, 23, 24, 25]
								}
							]
						},
						{
							"name": "trunk",
							"origin": [0, 0, 0],
							"color": 0,
							"children": [26, 27, 28]
						}
					]
				},
				{
					"name": "decorations",
					"origin": [8, 8, 8],
					"color": 0,
					"children": [
						{
							"name": "star",
							"origin": [8, 28.5, 8],
							"color": 0,
							"children": [29, 30]
						},
						{
							"name": "ornaments",
							"origin": [8, 8, 8],
							"color": 0,
							"children": [31, 32, 33, 34, 35, 36, 37, 38, 39, 40, 41, 42, 43, 44]
						}
					]
				}
			]
		}
	]
}