{
    "pools": [
        {
            "rolls": 1,
            "entries": [
                {
                    "type": "loot_table",
                    "name": "minecraft:entities/sea",
                    "weight": 10
                },
                {
                    "type": "loot_table",
                    "name": "minecraft:entities/redstone",
                    "weight": 10
                },
                {
                    "type": "loot_table",
                    "name": "minecraft:entities/plains",
                    "weight": 10
                },
                {
                    "type": "loot_table",
                    "name": "minecraft:entities/miner",
                    "weight": 10
                },
                {
                    "type": "loot_table",
                    "name": "minecraft:entities/forest",
                    "weight": 10
                },
                {
                    "type": "loot_table",
                    "name": "minecraft:entities/farmer",
                    "weight": 10
                },
                {
                    "type": "loot_table",
                    "name": "minecraft:entities/explorer",
                    "weight": 10
                },
                {
                    "type": "loot_table",
                    "name": "minecraft:entities/builder",
                    "weight": 10
                }
            ]
        }
    ]
}