{
	"credit": "Made By BronGhast014 with Blockbench",
	"textures": {
		"0": "bgcd:ui/book",
		"particle": "bgcd:ui/book"
	},
	"gui_light": "front",
	"elements": [
		{
			"from": [0, 0, 1],
			"to": [16, 16, 1],
			"faces": {
				"north": {"uv": [0, 0, 16, 16], "texture": "#0"},
				"east": {"uv": [0, 0, 16, 16], "texture": "#0"},
				"south": {"uv": [0, 0, 16, 16], "texture": "#0"},
				"west": {"uv": [0, 0, 16, 16], "texture": "#0"},
				"up": {"uv": [0, 0, 16, 16], "texture": "#0"},
				"down": {"uv": [0, 0, 16, 16], "texture": "#0"}
			}
		}
	],
	"display": {
		"ground": {
			"scale": [0, 0, 0]
		},
		"gui": {
			"scale": [2, 2, 2]
		}
	}
}
