{
  "pools": [
    {
      "rolls": 1,
      "entries": [
        {
          "type": "minecraft:item",
          "name": "minecraft:rabbit_spawn_egg",
          "functions": [
            {
              "function": "minecraft:set_nbt",
              "tag": "{EntityTag:{Tags:[\"spawn_BGCD\",\"spawn_BGCD_snowman\"]},display:{Name:\"{\\\"translate\\\":\\\"bgcd.item.snowMan\\\",\\\"italic\\\":false,\\\"color\\\":\\\"gold\\\"}\"},HideFlags:38,CustomModelData:4014003,snowman:1b}"
            }
          ]
        }
      ]
    }
  ]
}
