{
  "pools": [
    {
      "rolls": 1,
      "entries": [
        {
          "type": "minecraft:item",
          "name": "minecraft:rabbit_spawn_egg",
          "functions": [
            {
              "function": "minecraft:set_nbt",
              "tag": "{EntityTag:{Tags:[\"spawn_BGCD\",\"spawn_BGCD_tree\"]},display:{Name:\"{\\\"translate\\\":\\\"bgcd.item.tree\\\",\\\"italic\\\":false,\\\"color\\\":\\\"dark_green\\\"}\"},HideFlags:38,CustomModelData:4014001,tree:1b}"
            }
          ]
        }
      ]
    }
  ]
}
