{
  "pools": [
    {
      "rolls": 1,
      "entries": [
        {
          "type": "minecraft:item",
          "name": "minecraft:rabbit_spawn_egg",
          "functions": [
            {
              "function": "minecraft:set_nbt",
              "tag": "{EntityTag:{Tags:[\"spawn_CMAS\",\"spawn_CMAS_tree\"]},display:{Name:\"{\\\"text\\\":\\\"Christmas Tree\\\",\\\"color\\\":\\\"dark_green\\\"}\"},HideFlags:38,CustomModelData:4014001,tree:1b}"
            }
          ],
          "conditions": [
            {
              "condition": "minecraft:entity_properties",
              "entity": "killer_player",
              "predicate": {
                "nbt": "{playerGameType:0}"
              }
            }
          ]
        }
      ]
    },
    {
      "rolls": 1,
      "entries": [
        {
          "type": "minecraft:item",
          "name": "minecraft:red_dye",
          "functions": [
            {
              "function": "minecraft:set_nbt",
              "tag": "{display:{Name:\"{\\\"text\\\":\\\"Christmas Tree Decorations\\\",\\\"color\\\":\\\"dark_green\\\"}\"},HideFlags:38,CustomModelData:4014001,treeDecor:1b}"
            }
          ],
          "conditions": [
            {
              "condition": "minecraft:entity_properties",
              "entity": "killer_player",
              "predicate": {
                "nbt": "{playerGameType:0}"
              }
            }
          ]
        }
      ]
    }
  ]
}
