{
	"credit": "Made By BronGhast014 with Blockbench",
	"textures": {
		"1": "christmas/christmas_wreath",
		"particle": "christmas/christmas_wreath"
	},
	"gui_light": "front",
	"elements": [
		{
			"from": [8, 7, 8],
			"to": [10, 9, 9],
			"faces": {
				"north": {"uv": [8.5, 5.5, 10.5, 7.5], "texture": "#1"},
				"east": {"uv": [10, 5.5, 11, 7.5], "texture": "#1"},
				"south": {"uv": [8.5, 5.5, 10.5, 7.5], "texture": "#1"},
				"west": {"uv": [8.5, 5.5, 9.5, 7.5], "texture": "#1"},
				"up": {"uv": [8.5, 6.5, 10.5, 7.5], "texture": "#1"},
				"down": {"uv": [8.5, 5.5, 10.5, 6.5], "texture": "#1"}
			}
		},
		{
			"from": [10, 8, 8],
			"to": [12, 10, 9],
			"faces": {
				"north": {"uv": [8.5, 5.5, 10.5, 7.5], "texture": "#1"},
				"east": {"uv": [10, 5.5, 11, 7.5], "texture": "#1"},
				"south": {"uv": [8.5, 5.5, 10.5, 7.5], "texture": "#1"},
				"west": {"uv": [8.5, 5.5, 9.5, 7.5], "texture": "#1"},
				"up": {"uv": [8.5, 6.5, 10.5, 7.5], "texture": "#1"},
				"down": {"uv": [8.5, 5.5, 10.5, 6.5], "texture": "#1"}
			}
		},
		{
			"from": [11, 9, 8],
			"to": [13, 11, 9],
			"faces": {
				"north": {"uv": [8.5, 5.5, 10.5, 7.5], "texture": "#1"},
				"east": {"uv": [10, 5.5, 11, 7.5], "texture": "#1"},
				"south": {"uv": [8.5, 5.5, 10.5, 7.5], "texture": "#1"},
				"west": {"uv": [8.5, 5.5, 9.5, 7.5], "texture": "#1"},
				"up": {"uv": [8.5, 6.5, 10.5, 7.5], "texture": "#1"},
				"down": {"uv": [8.5, 5.5, 10.5, 6.5], "texture": "#1"}
			}
		},
		{
			"from": [12, 10, 8],
			"to": [14, 12, 9],
			"faces": {
				"north": {"uv": [8.5, 5.5, 10.5, 7.5], "texture": "#1"},
				"east": {"uv": [10, 5.5, 11, 7.5], "texture": "#1"},
				"south": {"uv": [8.5, 5.5, 10.5, 7.5], "texture": "#1"},
				"west": {"uv": [8.5, 5.5, 9.5, 7.5], "texture": "#1"},
				"up": {"uv": [8.5, 6.5, 10.5, 7.5], "texture": "#1"},
				"down": {"uv": [8.5, 5.5, 10.5, 6.5], "texture": "#1"}
			}
		},
		{
			"from": [13, 12, 8],
			"to": [15, 14, 9],
			"faces": {
				"north": {"uv": [8.5, 5.5, 10.5, 7.5], "texture": "#1"},
				"east": {"uv": [10, 5.5, 11, 7.5], "texture": "#1"},
				"south": {"uv": [8.5, 5.5, 10.5, 7.5], "texture": "#1"},
				"west": {"uv": [8.5, 5.5, 9.5, 7.5], "texture": "#1"},
				"up": {"uv": [8.5, 6.5, 10.5, 7.5], "texture": "#1"},
				"down": {"uv": [8.5, 5.5, 10.5, 6.5], "texture": "#1"}
			}
		},
		{
			"from": [10, 8.25, 7],
			"to": [11.75, 10, 8],
			"faces": {
				"north": {"uv": [8.5, 5.5, 10.5, 7.5], "texture": "#1"},
				"east": {"uv": [8.5, 11, 9.5, 13], "texture": "#1"},
				"south": {"uv": [8.5, 5.5, 10.5, 7.5], "texture": "#1"},
				"west": {"uv": [8.5, 5.5, 9.5, 7.5], "texture": "#1"},
				"up": {"uv": [8.5, 6.5, 10.5, 7.5], "texture": "#1"},
				"down": {"uv": [8.5, 5.5, 10.5, 6.5], "texture": "#1"}
			}
		},
		{
			"from": [11.25, 9.25, 7],
			"to": [12.75, 10.75, 8],
			"faces": {
				"north": {"uv": [8.5, 5.5, 10.5, 7.5], "texture": "#1"},
				"east": {"uv": [8.5, 11, 9.5, 13], "texture": "#1"},
				"south": {"uv": [8.5, 5.5, 10.5, 7.5], "texture": "#1"},
				"west": {"uv": [8.5, 5.5, 9.5, 7.5], "texture": "#1"},
				"up": {"uv": [8.5, 6.5, 10.5, 7.5], "texture": "#1"},
				"down": {"uv": [8.5, 5.5, 10.5, 6.5], "texture": "#1"}
			}
		},
		{
			"from": [12, 10.25, 7],
			"to": [13.75, 12, 8],
			"faces": {
				"north": {"uv": [8.5, 5.5, 10.5, 7.5], "texture": "#1"},
				"east": {"uv": [8.5, 11, 9.5, 13], "texture": "#1"},
				"south": {"uv": [8.5, 5.5, 10.5, 7.5], "texture": "#1"},
				"west": {"uv": [8.5, 5.5, 9.5, 7.5], "texture": "#1"},
				"up": {"uv": [8.5, 6.5, 10.5, 7.5], "texture": "#1"},
				"down": {"uv": [8.5, 5.5, 10.5, 6.5], "texture": "#1"}
			}
		},
		{
			"from": [13.25, 12, 7],
			"to": [14.75, 14, 8],
			"faces": {
				"north": {"uv": [8.5, 5.5, 10.5, 7.5], "texture": "#1"},
				"east": {"uv": [8.5, 11, 9.5, 13], "texture": "#1"},
				"south": {"uv": [8.5, 5.5, 10.5, 7.5], "texture": "#1"},
				"west": {"uv": [8.5, 5.5, 9.5, 7.5], "texture": "#1"},
				"up": {"uv": [8.5, 6.5, 10.5, 7.5], "texture": "#1"},
				"down": {"uv": [8.5, 5.5, 10.5, 6.5], "texture": "#1"}
			}
		},
		{
			"from": [10, 8.25, 9],
			"to": [11.75, 10, 10],
			"faces": {
				"north": {"uv": [8.5, 5.5, 10.5, 7.5], "texture": "#1"},
				"east": {"uv": [9.5, 5, 10.5, 7], "texture": "#1"},
				"south": {"uv": [8.5, 5.5, 10.5, 7.5], "texture": "#1"},
				"west": {"uv": [8.5, 5.5, 9.5, 7.5], "texture": "#1"},
				"up": {"uv": [8.5, 6.5, 10.5, 7.5], "texture": "#1"},
				"down": {"uv": [8.5, 5.5, 10.5, 6.5], "texture": "#1"}
			}
		},
		{
			"from": [11.25, 9.25, 9],
			"to": [12.75, 10.75, 10],
			"faces": {
				"north": {"uv": [8.5, 5.5, 10.5, 7.5], "texture": "#1"},
				"east": {"uv": [9.5, 5, 10.5, 7], "texture": "#1"},
				"south": {"uv": [8.5, 5.5, 10.5, 7.5], "texture": "#1"},
				"west": {"uv": [8.5, 5.5, 9.5, 7.5], "texture": "#1"},
				"up": {"uv": [8.5, 6.5, 10.5, 7.5], "texture": "#1"},
				"down": {"uv": [8.5, 5.5, 10.5, 6.5], "texture": "#1"}
			}
		},
		{
			"from": [12, 10.25, 9],
			"to": [13.75, 12, 10],
			"faces": {
				"north": {"uv": [8.5, 5.5, 10.5, 7.5], "texture": "#1"},
				"east": {"uv": [9.5, 5, 10.5, 7], "texture": "#1"},
				"south": {"uv": [8.5, 5.5, 10.5, 7.5], "texture": "#1"},
				"west": {"uv": [8.5, 5.5, 9.5, 7.5], "texture": "#1"},
				"up": {"uv": [8.5, 6.5, 10.5, 7.5], "texture": "#1"},
				"down": {"uv": [8.5, 5.5, 10.5, 6.5], "texture": "#1"}
			}
		},
		{
			"from": [13.25, 12, 9],
			"to": [14.75, 14, 10],
			"faces": {
				"north": {"uv": [8.5, 5.5, 10.5, 7.5], "texture": "#1"},
				"east": {"uv": [9.5, 5, 10.5, 7], "texture": "#1"},
				"south": {"uv": [8.5, 5.5, 10.5, 7.5], "texture": "#1"},
				"west": {"uv": [8.5, 5.5, 9.5, 7.5], "texture": "#1"},
				"up": {"uv": [8.5, 6.5, 10.5, 7.5], "texture": "#1"},
				"down": {"uv": [8.5, 5.5, 10.5, 6.5], "texture": "#1"}
			}
		},
		{
			"from": [8, 7, 8],
			"to": [10, 9, 9],
			"faces": {
				"north": {"uv": [8.5, 5.5, 10.5, 7.5], "texture": "#1"},
				"east": {"uv": [10, 5.5, 11, 7.5], "texture": "#1"},
				"south": {"uv": [8.5, 5.5, 10.5, 7.5], "texture": "#1"},
				"west": {"uv": [8.5, 5.5, 9.5, 7.5], "texture": "#1"},
				"up": {"uv": [8.5, 6.5, 10.5, 7.5], "texture": "#1"},
				"down": {"uv": [8.5, 5.5, 10.5, 6.5], "texture": "#1"}
			}
		},
		{
			"from": [10, 8, 8],
			"to": [12, 10, 9],
			"faces": {
				"north": {"uv": [8.5, 5.5, 10.5, 7.5], "texture": "#1"},
				"east": {"uv": [10, 5.5, 11, 7.5], "texture": "#1"},
				"south": {"uv": [8.5, 5.5, 10.5, 7.5], "texture": "#1"},
				"west": {"uv": [8.5, 5.5, 9.5, 7.5], "texture": "#1"},
				"up": {"uv": [8.5, 6.5, 10.5, 7.5], "texture": "#1"},
				"down": {"uv": [8.5, 5.5, 10.5, 6.5], "texture": "#1"}
			}
		},
		{
			"from": [11, 9, 8],
			"to": [13, 11, 9],
			"faces": {
				"north": {"uv": [8.5, 5.5, 10.5, 7.5], "texture": "#1"},
				"east": {"uv": [10, 5.5, 11, 7.5], "texture": "#1"},
				"south": {"uv": [8.5, 5.5, 10.5, 7.5], "texture": "#1"},
				"west": {"uv": [8.5, 5.5, 9.5, 7.5], "texture": "#1"},
				"up": {"uv": [8.5, 6.5, 10.5, 7.5], "texture": "#1"},
				"down": {"uv": [8.5, 5.5, 10.5, 6.5], "texture": "#1"}
			}
		},
		{
			"from": [12, 10, 8],
			"to": [14, 12, 9],
			"faces": {
				"north": {"uv": [8.5, 5.5, 10.5, 7.5], "texture": "#1"},
				"east": {"uv": [10, 5.5, 11, 7.5], "texture": "#1"},
				"south": {"uv": [8.5, 5.5, 10.5, 7.5], "texture": "#1"},
				"west": {"uv": [8.5, 5.5, 9.5, 7.5], "texture": "#1"},
				"up": {"uv": [8.5, 6.5, 10.5, 7.5], "texture": "#1"},
				"down": {"uv": [8.5, 5.5, 10.5, 6.5], "texture": "#1"}
			}
		},
		{
			"from": [13, 12, 8],
			"to": [15, 14, 9],
			"faces": {
				"north": {"uv": [8.5, 5.5, 10.5, 7.5], "texture": "#1"},
				"east": {"uv": [10, 5.5, 11, 7.5], "texture": "#1"},
				"south": {"uv": [8.5, 5.5, 10.5, 7.5], "texture": "#1"},
				"west": {"uv": [8.5, 5.5, 9.5, 7.5], "texture": "#1"},
				"up": {"uv": [8.5, 6.5, 10.5, 7.5], "texture": "#1"},
				"down": {"uv": [8.5, 5.5, 10.5, 6.5], "texture": "#1"}
			}
		},
		{
			"from": [8, 7.25, 7],
			"to": [10, 8.75, 8],
			"faces": {
				"north": {"uv": [6.5, 3.5, 8.5, 5], "texture": "#1"},
				"east": {"uv": [8.5, 11, 9.5, 13], "texture": "#1"},
				"south": {"uv": [8.5, 5.5, 10.5, 7.5], "texture": "#1"},
				"west": {"uv": [8.5, 5.5, 9.5, 7.5], "texture": "#1"},
				"up": {"uv": [8.5, 6.5, 10.5, 7.5], "texture": "#1"},
				"down": {"uv": [8.5, 5.5, 10.5, 6.5], "texture": "#1"}
			}
		},
		{
			"from": [10, 8.25, 7],
			"to": [11.75, 10, 8],
			"faces": {
				"north": {"uv": [8.5, 5.5, 10.5, 7.5], "texture": "#1"},
				"east": {"uv": [8.5, 11, 9.5, 13], "texture": "#1"},
				"south": {"uv": [8.5, 5.5, 10.5, 7.5], "texture": "#1"},
				"west": {"uv": [8.5, 5.5, 9.5, 7.5], "texture": "#1"},
				"up": {"uv": [8.5, 6.5, 10.5, 7.5], "texture": "#1"},
				"down": {"uv": [8.5, 5.5, 10.5, 6.5], "texture": "#1"}
			}
		},
		{
			"from": [11.25, 9.25, 7],
			"to": [12.75, 10.75, 8],
			"faces": {
				"north": {"uv": [8.5, 5.5, 10.5, 7.5], "texture": "#1"},
				"east": {"uv": [8.5, 11, 9.5, 13], "texture": "#1"},
				"south": {"uv": [8.5, 5.5, 10.5, 7.5], "texture": "#1"},
				"west": {"uv": [8.5, 5.5, 9.5, 7.5], "texture": "#1"},
				"up": {"uv": [8.5, 6.5, 10.5, 7.5], "texture": "#1"},
				"down": {"uv": [8.5, 5.5, 10.5, 6.5], "texture": "#1"}
			}
		},
		{
			"from": [12, 10.25, 7],
			"to": [13.75, 12, 8],
			"faces": {
				"north": {"uv": [8.5, 5.5, 10.5, 7.5], "texture": "#1"},
				"east": {"uv": [8.5, 11, 9.5, 13], "texture": "#1"},
				"south": {"uv": [8.5, 5.5, 10.5, 7.5], "texture": "#1"},
				"west": {"uv": [8.5, 5.5, 9.5, 7.5], "texture": "#1"},
				"up": {"uv": [8.5, 6.5, 10.5, 7.5], "texture": "#1"},
				"down": {"uv": [8.5, 5.5, 10.5, 6.5], "texture": "#1"}
			}
		},
		{
			"from": [13.25, 12, 7],
			"to": [14.75, 14, 8],
			"faces": {
				"north": {"uv": [8.5, 5.5, 10.5, 7.5], "texture": "#1"},
				"east": {"uv": [8.5, 11, 9.5, 13], "texture": "#1"},
				"south": {"uv": [8.5, 5.5, 10.5, 7.5], "texture": "#1"},
				"west": {"uv": [8.5, 5.5, 9.5, 7.5], "texture": "#1"},
				"up": {"uv": [8.5, 6.5, 10.5, 7.5], "texture": "#1"},
				"down": {"uv": [8.5, 5.5, 10.5, 6.5], "texture": "#1"}
			}
		},
		{
			"from": [8, 7.25, 9],
			"to": [10, 8.75, 10],
			"faces": {
				"north": {"uv": [8.5, 5.5, 10.5, 7.5], "texture": "#1"},
				"east": {"uv": [9.5, 5, 10.5, 7], "texture": "#1"},
				"south": {"uv": [13, 3, 15, 4.5], "texture": "#1"},
				"west": {"uv": [8.5, 5.5, 9.5, 7.5], "texture": "#1"},
				"up": {"uv": [8.5, 6.5, 10.5, 7.5], "texture": "#1"},
				"down": {"uv": [8.5, 5.5, 10.5, 6.5], "texture": "#1"}
			}
		},
		{
			"from": [10, 8.25, 9],
			"to": [11.75, 10, 10],
			"faces": {
				"north": {"uv": [8.5, 5.5, 10.5, 7.5], "texture": "#1"},
				"east": {"uv": [9.5, 5, 10.5, 7], "texture": "#1"},
				"south": {"uv": [8.5, 5.5, 10.5, 7.5], "texture": "#1"},
				"west": {"uv": [8.5, 5.5, 9.5, 7.5], "texture": "#1"},
				"up": {"uv": [8.5, 6.5, 10.5, 7.5], "texture": "#1"},
				"down": {"uv": [8.5, 5.5, 10.5, 6.5], "texture": "#1"}
			}
		},
		{
			"from": [11.25, 9.25, 9],
			"to": [12.75, 10.75, 10],
			"faces": {
				"north": {"uv": [8.5, 5.5, 10.5, 7.5], "texture": "#1"},
				"east": {"uv": [9.5, 5, 10.5, 7], "texture": "#1"},
				"south": {"uv": [8.5, 5.5, 10.5, 7.5], "texture": "#1"},
				"west": {"uv": [8.5, 5.5, 9.5, 7.5], "texture": "#1"},
				"up": {"uv": [8.5, 6.5, 10.5, 7.5], "texture": "#1"},
				"down": {"uv": [8.5, 5.5, 10.5, 6.5], "texture": "#1"}
			}
		},
		{
			"from": [12, 10.25, 9],
			"to": [13.75, 12, 10],
			"faces": {
				"north": {"uv": [8.5, 5.5, 10.5, 7.5], "texture": "#1"},
				"east": {"uv": [9.5, 5, 10.5, 7], "texture": "#1"},
				"south": {"uv": [8.5, 5.5, 10.5, 7.5], "texture": "#1"},
				"west": {"uv": [8.5, 5.5, 9.5, 7.5], "texture": "#1"},
				"up": {"uv": [8.5, 6.5, 10.5, 7.5], "texture": "#1"},
				"down": {"uv": [8.5, 5.5, 10.5, 6.5], "texture": "#1"}
			}
		},
		{
			"from": [13.25, 12, 9],
			"to": [14.75, 14, 10],
			"faces": {
				"north": {"uv": [8.5, 5.5, 10.5, 7.5], "texture": "#1"},
				"east": {"uv": [9.5, 5, 10.5, 7], "texture": "#1"},
				"south": {"uv": [8.5, 5.5, 10.5, 7.5], "texture": "#1"},
				"west": {"uv": [8.5, 5.5, 9.5, 7.5], "texture": "#1"},
				"up": {"uv": [8.5, 6.5, 10.5, 7.5], "texture": "#1"},
				"down": {"uv": [8.5, 5.5, 10.5, 6.5], "texture": "#1"}
			}
		},
		{
			"from": [6, 7, 8],
			"to": [8, 9, 9],
			"faces": {
				"north": {"uv": [10.5, 5.5, 8.5, 7.5], "texture": "#1"},
				"east": {"uv": [9.5, 5.5, 8.5, 7.5], "texture": "#1"},
				"south": {"uv": [10.5, 5.5, 8.5, 7.5], "texture": "#1"},
				"west": {"uv": [11, 5.5, 10, 7.5], "texture": "#1"},
				"up": {"uv": [10.5, 6.5, 8.5, 7.5], "texture": "#1"},
				"down": {"uv": [10.5, 5.5, 8.5, 6.5], "texture": "#1"}
			}
		},
		{
			"from": [4, 8, 8],
			"to": [6, 10, 9],
			"faces": {
				"north": {"uv": [10.5, 5.5, 8.5, 7.5], "texture": "#1"},
				"east": {"uv": [9.5, 5.5, 8.5, 7.5], "texture": "#1"},
				"south": {"uv": [10.5, 5.5, 8.5, 7.5], "texture": "#1"},
				"west": {"uv": [11, 5.5, 10, 7.5], "texture": "#1"},
				"up": {"uv": [10.5, 6.5, 8.5, 7.5], "texture": "#1"},
				"down": {"uv": [10.5, 5.5, 8.5, 6.5], "texture": "#1"}
			}
		},
		{
			"from": [3, 9, 8],
			"to": [5, 11, 9],
			"faces": {
				"north": {"uv": [10.5, 5.5, 8.5, 7.5], "texture": "#1"},
				"east": {"uv": [9.5, 5.5, 8.5, 7.5], "texture": "#1"},
				"south": {"uv": [10.5, 5.5, 8.5, 7.5], "texture": "#1"},
				"west": {"uv": [11, 5.5, 10, 7.5], "texture": "#1"},
				"up": {"uv": [10.5, 6.5, 8.5, 7.5], "texture": "#1"},
				"down": {"uv": [10.5, 5.5, 8.5, 6.5], "texture": "#1"}
			}
		},
		{
			"from": [2, 10, 8],
			"to": [4, 12, 9],
			"faces": {
				"north": {"uv": [10.5, 5.5, 8.5, 7.5], "texture": "#1"},
				"east": {"uv": [9.5, 5.5, 8.5, 7.5], "texture": "#1"},
				"south": {"uv": [10.5, 5.5, 8.5, 7.5], "texture": "#1"},
				"west": {"uv": [11, 5.5, 10, 7.5], "texture": "#1"},
				"up": {"uv": [10.5, 6.5, 8.5, 7.5], "texture": "#1"},
				"down": {"uv": [10.5, 5.5, 8.5, 6.5], "texture": "#1"}
			}
		},
		{
			"from": [1, 12, 8],
			"to": [3, 14, 9],
			"faces": {
				"north": {"uv": [10.5, 5.5, 8.5, 7.5], "texture": "#1"},
				"east": {"uv": [9.5, 5.5, 8.5, 7.5], "texture": "#1"},
				"south": {"uv": [10.5, 5.5, 8.5, 7.5], "texture": "#1"},
				"west": {"uv": [11, 5.5, 10, 7.5], "texture": "#1"},
				"up": {"uv": [10.5, 6.5, 8.5, 7.5], "texture": "#1"},
				"down": {"uv": [10.5, 5.5, 8.5, 6.5], "texture": "#1"}
			}
		},
		{
			"from": [6, 7.25, 7],
			"to": [8, 8.75, 8],
			"faces": {
				"north": {"uv": [15.5, 2.5, 13.5, 4.5], "texture": "#1"},
				"east": {"uv": [9.5, 5.5, 8.5, 7.5], "texture": "#1"},
				"south": {"uv": [10.5, 5.5, 8.5, 7.5], "texture": "#1"},
				"west": {"uv": [9.5, 11, 8.5, 13], "texture": "#1"},
				"up": {"uv": [10.5, 6.5, 8.5, 7.5], "texture": "#1"},
				"down": {"uv": [10.5, 5.5, 8.5, 6.5], "texture": "#1"}
			}
		},
		{
			"from": [4.25, 8.25, 7],
			"to": [6, 10, 8],
			"faces": {
				"north": {"uv": [10.5, 5.5, 8.5, 7.5], "texture": "#1"},
				"east": {"uv": [9.5, 5.5, 8.5, 7.5], "texture": "#1"},
				"south": {"uv": [10.5, 5.5, 8.5, 7.5], "texture": "#1"},
				"west": {"uv": [9.5, 11, 8.5, 13], "texture": "#1"},
				"up": {"uv": [10.5, 6.5, 8.5, 7.5], "texture": "#1"},
				"down": {"uv": [10.5, 5.5, 8.5, 6.5], "texture": "#1"}
			}
		},
		{
			"from": [3.25, 9.25, 7],
			"to": [4.75, 10.75, 8],
			"faces": {
				"north": {"uv": [10.5, 5.5, 8.5, 7.5], "texture": "#1"},
				"east": {"uv": [9.5, 5.5, 8.5, 7.5], "texture": "#1"},
				"south": {"uv": [10.5, 5.5, 8.5, 7.5], "texture": "#1"},
				"west": {"uv": [9.5, 11, 8.5, 13], "texture": "#1"},
				"up": {"uv": [10.5, 6.5, 8.5, 7.5], "texture": "#1"},
				"down": {"uv": [10.5, 5.5, 8.5, 6.5], "texture": "#1"}
			}
		},
		{
			"from": [2.25, 10.25, 7],
			"to": [4, 12, 8],
			"faces": {
				"north": {"uv": [10.5, 5.5, 8.5, 7.5], "texture": "#1"},
				"east": {"uv": [9.5, 5.5, 8.5, 7.5], "texture": "#1"},
				"south": {"uv": [10.5, 5.5, 8.5, 7.5], "texture": "#1"},
				"west": {"uv": [9.5, 11, 8.5, 13], "texture": "#1"},
				"up": {"uv": [10.5, 6.5, 8.5, 7.5], "texture": "#1"},
				"down": {"uv": [10.5, 5.5, 8.5, 6.5], "texture": "#1"}
			}
		},
		{
			"from": [1.25, 12, 7],
			"to": [2.75, 14, 8],
			"faces": {
				"north": {"uv": [10.5, 5.5, 8.5, 7.5], "texture": "#1"},
				"east": {"uv": [9.5, 5.5, 8.5, 7.5], "texture": "#1"},
				"south": {"uv": [10.5, 5.5, 8.5, 7.5], "texture": "#1"},
				"west": {"uv": [9.5, 11, 8.5, 13], "texture": "#1"},
				"up": {"uv": [10.5, 6.5, 8.5, 7.5], "texture": "#1"},
				"down": {"uv": [10.5, 5.5, 8.5, 6.5], "texture": "#1"}
			}
		},
		{
			"from": [4.25, 8.25, 9],
			"to": [6, 10, 10],
			"faces": {
				"north": {"uv": [10.5, 5.5, 8.5, 7.5], "texture": "#1"},
				"east": {"uv": [9.5, 5.5, 8.5, 7.5], "texture": "#1"},
				"south": {"uv": [10.5, 5.5, 8.5, 7.5], "texture": "#1"},
				"west": {"uv": [10.5, 5, 9.5, 7], "texture": "#1"},
				"up": {"uv": [10.5, 6.5, 8.5, 7.5], "texture": "#1"},
				"down": {"uv": [10.5, 5.5, 8.5, 6.5], "texture": "#1"}
			}
		},
		{
			"from": [3.25, 9.25, 9],
			"to": [4.75, 10.75, 10],
			"faces": {
				"north": {"uv": [10.5, 5.5, 8.5, 7.5], "texture": "#1"},
				"east": {"uv": [9.5, 5.5, 8.5, 7.5], "texture": "#1"},
				"south": {"uv": [10.5, 5.5, 8.5, 7.5], "texture": "#1"},
				"west": {"uv": [10.5, 5, 9.5, 7], "texture": "#1"},
				"up": {"uv": [10.5, 6.5, 8.5, 7.5], "texture": "#1"},
				"down": {"uv": [10.5, 5.5, 8.5, 6.5], "texture": "#1"}
			}
		},
		{
			"from": [2.25, 10.25, 9],
			"to": [4, 12, 10],
			"faces": {
				"north": {"uv": [10.5, 5.5, 8.5, 7.5], "texture": "#1"},
				"east": {"uv": [9.5, 5.5, 8.5, 7.5], "texture": "#1"},
				"south": {"uv": [10.5, 5.5, 8.5, 7.5], "texture": "#1"},
				"west": {"uv": [10.5, 5, 9.5, 7], "texture": "#1"},
				"up": {"uv": [10.5, 6.5, 8.5, 7.5], "texture": "#1"},
				"down": {"uv": [10.5, 5.5, 8.5, 6.5], "texture": "#1"}
			}
		},
		{
			"from": [1.25, 12, 9],
			"to": [2.75, 14, 10],
			"faces": {
				"north": {"uv": [10.5, 5.5, 8.5, 7.5], "texture": "#1"},
				"east": {"uv": [9.5, 5.5, 8.5, 7.5], "texture": "#1"},
				"south": {"uv": [10.5, 5.5, 8.5, 7.5], "texture": "#1"},
				"west": {"uv": [10.5, 5, 9.5, 7], "texture": "#1"},
				"up": {"uv": [10.5, 6.5, 8.5, 7.5], "texture": "#1"},
				"down": {"uv": [10.5, 5.5, 8.5, 6.5], "texture": "#1"}
			}
		},
		{
			"from": [6, 7, 8],
			"to": [8, 9, 9],
			"faces": {
				"north": {"uv": [10.5, 5.5, 8.5, 7.5], "texture": "#1"},
				"east": {"uv": [9.5, 5.5, 8.5, 7.5], "texture": "#1"},
				"south": {"uv": [10.5, 5.5, 8.5, 7.5], "texture": "#1"},
				"west": {"uv": [11, 5.5, 10, 7.5], "texture": "#1"},
				"up": {"uv": [10.5, 6.5, 8.5, 7.5], "texture": "#1"},
				"down": {"uv": [10.5, 5.5, 8.5, 6.5], "texture": "#1"}
			}
		},
		{
			"from": [4, 8, 8],
			"to": [6, 10, 9],
			"faces": {
				"north": {"uv": [10.5, 5.5, 8.5, 7.5], "texture": "#1"},
				"east": {"uv": [9.5, 5.5, 8.5, 7.5], "texture": "#1"},
				"south": {"uv": [10.5, 5.5, 8.5, 7.5], "texture": "#1"},
				"west": {"uv": [11, 5.5, 10, 7.5], "texture": "#1"},
				"up": {"uv": [10.5, 6.5, 8.5, 7.5], "texture": "#1"},
				"down": {"uv": [10.5, 5.5, 8.5, 6.5], "texture": "#1"}
			}
		},
		{
			"from": [3, 9, 8],
			"to": [5, 11, 9],
			"faces": {
				"north": {"uv": [10.5, 5.5, 8.5, 7.5], "texture": "#1"},
				"east": {"uv": [9.5, 5.5, 8.5, 7.5], "texture": "#1"},
				"south": {"uv": [10.5, 5.5, 8.5, 7.5], "texture": "#1"},
				"west": {"uv": [11, 5.5, 10, 7.5], "texture": "#1"},
				"up": {"uv": [10.5, 6.5, 8.5, 7.5], "texture": "#1"},
				"down": {"uv": [10.5, 5.5, 8.5, 6.5], "texture": "#1"}
			}
		},
		{
			"from": [2, 10, 8],
			"to": [4, 12, 9],
			"faces": {
				"north": {"uv": [10.5, 5.5, 8.5, 7.5], "texture": "#1"},
				"east": {"uv": [9.5, 5.5, 8.5, 7.5], "texture": "#1"},
				"south": {"uv": [10.5, 5.5, 8.5, 7.5], "texture": "#1"},
				"west": {"uv": [11, 5.5, 10, 7.5], "texture": "#1"},
				"up": {"uv": [10.5, 6.5, 8.5, 7.5], "texture": "#1"},
				"down": {"uv": [10.5, 5.5, 8.5, 6.5], "texture": "#1"}
			}
		},
		{
			"from": [1, 12, 8],
			"to": [3, 14, 9],
			"faces": {
				"north": {"uv": [10.5, 5.5, 8.5, 7.5], "texture": "#1"},
				"east": {"uv": [9.5, 5.5, 8.5, 7.5], "texture": "#1"},
				"south": {"uv": [10.5, 5.5, 8.5, 7.5], "texture": "#1"},
				"west": {"uv": [11, 5.5, 10, 7.5], "texture": "#1"},
				"up": {"uv": [10.5, 6.5, 8.5, 7.5], "texture": "#1"},
				"down": {"uv": [10.5, 5.5, 8.5, 6.5], "texture": "#1"}
			}
		},
		{
			"from": [6, 7.25, 7],
			"to": [8, 8.75, 8],
			"faces": {
				"north": {"uv": [10.5, 5.5, 8.5, 7.5], "texture": "#1"},
				"east": {"uv": [9.5, 5.5, 8.5, 7.5], "texture": "#1"},
				"south": {"uv": [10.5, 5.5, 8.5, 7.5], "texture": "#1"},
				"west": {"uv": [9.5, 11, 8.5, 13], "texture": "#1"},
				"up": {"uv": [10.5, 6.5, 8.5, 7.5], "texture": "#1"},
				"down": {"uv": [10.5, 5.5, 8.5, 6.5], "texture": "#1"}
			}
		},
		{
			"from": [4.25, 8.25, 7],
			"to": [6, 10, 8],
			"faces": {
				"north": {"uv": [10.5, 5.5, 8.5, 7.5], "texture": "#1"},
				"east": {"uv": [9.5, 5.5, 8.5, 7.5], "texture": "#1"},
				"south": {"uv": [10.5, 5.5, 8.5, 7.5], "texture": "#1"},
				"west": {"uv": [9.5, 11, 8.5, 13], "texture": "#1"},
				"up": {"uv": [10.5, 6.5, 8.5, 7.5], "texture": "#1"},
				"down": {"uv": [10.5, 5.5, 8.5, 6.5], "texture": "#1"}
			}
		},
		{
			"from": [3.25, 9.25, 7],
			"to": [4.75, 10.75, 8],
			"faces": {
				"north": {"uv": [10.5, 5.5, 8.5, 7.5], "texture": "#1"},
				"east": {"uv": [9.5, 5.5, 8.5, 7.5], "texture": "#1"},
				"south": {"uv": [10.5, 5.5, 8.5, 7.5], "texture": "#1"},
				"west": {"uv": [9.5, 11, 8.5, 13], "texture": "#1"},
				"up": {"uv": [10.5, 6.5, 8.5, 7.5], "texture": "#1"},
				"down": {"uv": [10.5, 5.5, 8.5, 6.5], "texture": "#1"}
			}
		},
		{
			"from": [2.25, 10.25, 7],
			"to": [4, 12, 8],
			"faces": {
				"north": {"uv": [10.5, 5.5, 8.5, 7.5], "texture": "#1"},
				"east": {"uv": [9.5, 5.5, 8.5, 7.5], "texture": "#1"},
				"south": {"uv": [10.5, 5.5, 8.5, 7.5], "texture": "#1"},
				"west": {"uv": [9.5, 11, 8.5, 13], "texture": "#1"},
				"up": {"uv": [10.5, 6.5, 8.5, 7.5], "texture": "#1"},
				"down": {"uv": [10.5, 5.5, 8.5, 6.5], "texture": "#1"}
			}
		},
		{
			"from": [1.25, 12, 7],
			"to": [2.75, 14, 8],
			"faces": {
				"north": {"uv": [10.5, 5.5, 8.5, 7.5], "texture": "#1"},
				"east": {"uv": [9.5, 5.5, 8.5, 7.5], "texture": "#1"},
				"south": {"uv": [10.5, 5.5, 8.5, 7.5], "texture": "#1"},
				"west": {"uv": [9.5, 11, 8.5, 13], "texture": "#1"},
				"up": {"uv": [10.5, 6.5, 8.5, 7.5], "texture": "#1"},
				"down": {"uv": [10.5, 5.5, 8.5, 6.5], "texture": "#1"}
			}
		},
		{
			"from": [6, 7.25, 9],
			"to": [8, 8.75, 10],
			"faces": {
				"north": {"uv": [10.5, 5.5, 8.5, 7.5], "texture": "#1"},
				"east": {"uv": [9.5, 5.5, 8.5, 7.5], "texture": "#1"},
				"south": {"uv": [11, 5, 9, 6.5], "texture": "#1"},
				"west": {"uv": [10.5, 5, 9.5, 7], "texture": "#1"},
				"up": {"uv": [10.5, 6.5, 8.5, 7.5], "texture": "#1"},
				"down": {"uv": [10.5, 5.5, 8.5, 6.5], "texture": "#1"}
			}
		},
		{
			"from": [4.25, 8.25, 9],
			"to": [6, 10, 10],
			"faces": {
				"north": {"uv": [10.5, 5.5, 8.5, 7.5], "texture": "#1"},
				"east": {"uv": [9.5, 5.5, 8.5, 7.5], "texture": "#1"},
				"south": {"uv": [10.5, 5.5, 8.5, 7.5], "texture": "#1"},
				"west": {"uv": [10.5, 5, 9.5, 7], "texture": "#1"},
				"up": {"uv": [10.5, 6.5, 8.5, 7.5], "texture": "#1"},
				"down": {"uv": [10.5, 5.5, 8.5, 6.5], "texture": "#1"}
			}
		},
		{
			"from": [3.25, 9.25, 9],
			"to": [4.75, 10.75, 10],
			"faces": {
				"north": {"uv": [10.5, 5.5, 8.5, 7.5], "texture": "#1"},
				"east": {"uv": [9.5, 5.5, 8.5, 7.5], "texture": "#1"},
				"south": {"uv": [10.5, 5.5, 8.5, 7.5], "texture": "#1"},
				"west": {"uv": [10.5, 5, 9.5, 7], "texture": "#1"},
				"up": {"uv": [10.5, 6.5, 8.5, 7.5], "texture": "#1"},
				"down": {"uv": [10.5, 5.5, 8.5, 6.5], "texture": "#1"}
			}
		},
		{
			"from": [2.25, 10.25, 9],
			"to": [4, 12, 10],
			"faces": {
				"north": {"uv": [10.5, 5.5, 8.5, 7.5], "texture": "#1"},
				"east": {"uv": [9.5, 5.5, 8.5, 7.5], "texture": "#1"},
				"south": {"uv": [10.5, 5.5, 8.5, 7.5], "texture": "#1"},
				"west": {"uv": [10.5, 5, 9.5, 7], "texture": "#1"},
				"up": {"uv": [10.5, 6.5, 8.5, 7.5], "texture": "#1"},
				"down": {"uv": [10.5, 5.5, 8.5, 6.5], "texture": "#1"}
			}
		},
		{
			"from": [1.25, 12, 9],
			"to": [2.75, 14, 10],
			"faces": {
				"north": {"uv": [10.5, 5.5, 8.5, 7.5], "texture": "#1"},
				"east": {"uv": [9.5, 5.5, 8.5, 7.5], "texture": "#1"},
				"south": {"uv": [10.5, 5.5, 8.5, 7.5], "texture": "#1"},
				"west": {"uv": [10.5, 5, 9.5, 7], "texture": "#1"},
				"up": {"uv": [10.5, 6.5, 8.5, 7.5], "texture": "#1"},
				"down": {"uv": [10.5, 5.5, 8.5, 6.5], "texture": "#1"}
			}
		},
		{
			"from": [6.5, 7.75, 6.75],
			"to": [7, 8.25, 7.25],
			"faces": {
				"north": {"uv": [0, 9, 0.5, 9.5], "texture": "#1"},
				"east": {"uv": [0, 9, 0.5, 9.5], "texture": "#1"},
				"south": {"uv": [0, 9, 0.5, 9.5], "texture": "#1"},
				"west": {"uv": [0, 9, 0.5, 9.5], "texture": "#1"},
				"up": {"uv": [0, 9, 0.5, 9.5], "texture": "#1"},
				"down": {"uv": [0, 9, 0.5, 9.5], "texture": "#1"}
			}
		},
		{
			"from": [8.75, 8, 6.75],
			"to": [9.25, 8.5, 7.25],
			"faces": {
				"north": {"uv": [0, 9, 0.5, 9.5], "texture": "#1"},
				"east": {"uv": [0, 9, 0.5, 9.5], "texture": "#1"},
				"south": {"uv": [0, 9, 0.5, 9.5], "texture": "#1"},
				"west": {"uv": [0, 9, 0.5, 9.5], "texture": "#1"},
				"up": {"uv": [0, 9, 0.5, 9.5], "texture": "#1"},
				"down": {"uv": [0, 9, 0.5, 9.5], "texture": "#1"}
			}
		},
		{
			"from": [10.75, 9, 6.75],
			"to": [11.25, 9.5, 7.25],
			"faces": {
				"north": {"uv": [0, 9, 0.5, 9.5], "texture": "#1"},
				"east": {"uv": [0, 9, 0.5, 9.5], "texture": "#1"},
				"south": {"uv": [0, 9, 0.5, 9.5], "texture": "#1"},
				"west": {"uv": [0, 9, 0.5, 9.5], "texture": "#1"},
				"up": {"uv": [0, 9, 0.5, 9.5], "texture": "#1"},
				"down": {"uv": [0, 9, 0.5, 9.5], "texture": "#1"}
			}
		},
		{
			"from": [12.25, 10, 6.75],
			"to": [12.75, 10.5, 7.25],
			"faces": {
				"north": {"uv": [0, 9, 0.5, 9.5], "texture": "#1"},
				"east": {"uv": [0, 9, 0.5, 9.5], "texture": "#1"},
				"south": {"uv": [0, 9, 0.5, 9.5], "texture": "#1"},
				"west": {"uv": [0, 9, 0.5, 9.5], "texture": "#1"},
				"up": {"uv": [0, 9, 0.5, 9.5], "texture": "#1"},
				"down": {"uv": [0, 9, 0.5, 9.5], "texture": "#1"}
			}
		},
		{
			"from": [13.5, 12.5, 6.75],
			"to": [14, 13, 7.25],
			"faces": {
				"north": {"uv": [0, 9, 0.5, 9.5], "texture": "#1"},
				"east": {"uv": [0, 9, 0.5, 9.5], "texture": "#1"},
				"south": {"uv": [0, 9, 0.5, 9.5], "texture": "#1"},
				"west": {"uv": [0, 9, 0.5, 9.5], "texture": "#1"},
				"up": {"uv": [0, 9, 0.5, 9.5], "texture": "#1"},
				"down": {"uv": [0, 9, 0.5, 9.5], "texture": "#1"}
			}
		},
		{
			"from": [1.75, 12.55, 6.75],
			"to": [2.25, 13.05, 7.25],
			"faces": {
				"north": {"uv": [0, 9, 0.5, 9.5], "texture": "#1"},
				"east": {"uv": [0, 9, 0.5, 9.5], "texture": "#1"},
				"south": {"uv": [0, 9, 0.5, 9.5], "texture": "#1"},
				"west": {"uv": [0, 9, 0.5, 9.5], "texture": "#1"},
				"up": {"uv": [0, 9, 0.5, 9.5], "texture": "#1"},
				"down": {"uv": [0, 9, 0.5, 9.5], "texture": "#1"}
			}
		},
		{
			"from": [3, 10.65, 6.75],
			"to": [3.5, 11.15, 7.25],
			"faces": {
				"north": {"uv": [0, 9, 0.5, 9.5], "texture": "#1"},
				"east": {"uv": [0, 9, 0.5, 9.5], "texture": "#1"},
				"south": {"uv": [0, 9, 0.5, 9.5], "texture": "#1"},
				"west": {"uv": [0, 9, 0.5, 9.5], "texture": "#1"},
				"up": {"uv": [0, 9, 0.5, 9.5], "texture": "#1"},
				"down": {"uv": [0, 9, 0.5, 9.5], "texture": "#1"}
			}
		},
		{
			"from": [4.8, 8.9, 6.75],
			"to": [5.3, 9.4, 7.25],
			"faces": {
				"north": {"uv": [0, 9, 0.5, 9.5], "texture": "#1"},
				"east": {"uv": [0, 9, 0.5, 9.5], "texture": "#1"},
				"south": {"uv": [0, 9, 0.5, 9.5], "texture": "#1"},
				"west": {"uv": [0, 9, 0.5, 9.5], "texture": "#1"},
				"up": {"uv": [0, 9, 0.5, 9.5], "texture": "#1"},
				"down": {"uv": [0, 9, 0.5, 9.5], "texture": "#1"}
			}
		},
		{
			"from": [6.5, 7.75, 9.75],
			"to": [7, 8.25, 10.25],
			"faces": {
				"north": {"uv": [0, 9, 0.5, 9.5], "texture": "#1"},
				"east": {"uv": [0, 9, 0.5, 9.5], "texture": "#1"},
				"south": {"uv": [0, 9, 0.5, 9.5], "texture": "#1"},
				"west": {"uv": [0, 9, 0.5, 9.5], "texture": "#1"},
				"up": {"uv": [0, 9, 0.5, 9.5], "texture": "#1"},
				"down": {"uv": [0, 9, 0.5, 9.5], "texture": "#1"}
			}
		},
		{
			"from": [8.75, 8, 9.75],
			"to": [9.25, 8.5, 10.25],
			"faces": {
				"north": {"uv": [0, 9, 0.5, 9.5], "texture": "#1"},
				"east": {"uv": [0, 9, 0.5, 9.5], "texture": "#1"},
				"south": {"uv": [0, 9, 0.5, 9.5], "texture": "#1"},
				"west": {"uv": [0, 9, 0.5, 9.5], "texture": "#1"},
				"up": {"uv": [0, 9, 0.5, 9.5], "texture": "#1"},
				"down": {"uv": [0, 9, 0.5, 9.5], "texture": "#1"}
			}
		},
		{
			"from": [10.75, 9, 9.75],
			"to": [11.25, 9.5, 10.25],
			"faces": {
				"north": {"uv": [0, 9, 0.5, 9.5], "texture": "#1"},
				"east": {"uv": [0, 9, 0.5, 9.5], "texture": "#1"},
				"south": {"uv": [0, 9, 0.5, 9.5], "texture": "#1"},
				"west": {"uv": [0, 9, 0.5, 9.5], "texture": "#1"},
				"up": {"uv": [0, 9, 0.5, 9.5], "texture": "#1"},
				"down": {"uv": [0, 9, 0.5, 9.5], "texture": "#1"}
			}
		},
		{
			"from": [12.25, 10, 9.75],
			"to": [12.75, 10.5, 10.25],
			"faces": {
				"north": {"uv": [0, 9, 0.5, 9.5], "texture": "#1"},
				"east": {"uv": [0, 9, 0.5, 9.5], "texture": "#1"},
				"south": {"uv": [0, 9, 0.5, 9.5], "texture": "#1"},
				"west": {"uv": [0, 9, 0.5, 9.5], "texture": "#1"},
				"up": {"uv": [0, 9, 0.5, 9.5], "texture": "#1"},
				"down": {"uv": [0, 9, 0.5, 9.5], "texture": "#1"}
			}
		},
		{
			"from": [13.5, 12.5, 9.75],
			"to": [14, 13, 10.25],
			"faces": {
				"north": {"uv": [0, 9, 0.5, 9.5], "texture": "#1"},
				"east": {"uv": [0, 9, 0.5, 9.5], "texture": "#1"},
				"south": {"uv": [0, 9, 0.5, 9.5], "texture": "#1"},
				"west": {"uv": [0, 9, 0.5, 9.5], "texture": "#1"},
				"up": {"uv": [0, 9, 0.5, 9.5], "texture": "#1"},
				"down": {"uv": [0, 9, 0.5, 9.5], "texture": "#1"}
			}
		},
		{
			"from": [1.75, 12.55, 9.75],
			"to": [2.25, 13.05, 10.25],
			"faces": {
				"north": {"uv": [0, 9, 0.5, 9.5], "texture": "#1"},
				"east": {"uv": [0, 9, 0.5, 9.5], "texture": "#1"},
				"south": {"uv": [0, 9, 0.5, 9.5], "texture": "#1"},
				"west": {"uv": [0, 9, 0.5, 9.5], "texture": "#1"},
				"up": {"uv": [0, 9, 0.5, 9.5], "texture": "#1"},
				"down": {"uv": [0, 9, 0.5, 9.5], "texture": "#1"}
			}
		},
		{
			"from": [3, 10.4, 9.75],
			"to": [3.5, 10.9, 10.25],
			"faces": {
				"north": {"uv": [0, 9, 0.5, 9.5], "texture": "#1"},
				"east": {"uv": [0, 9, 0.5, 9.5], "texture": "#1"},
				"south": {"uv": [0, 9, 0.5, 9.5], "texture": "#1"},
				"west": {"uv": [0, 9, 0.5, 9.5], "texture": "#1"},
				"up": {"uv": [0, 9, 0.5, 9.5], "texture": "#1"},
				"down": {"uv": [0, 9, 0.5, 9.5], "texture": "#1"}
			}
		},
		{
			"from": [4.8, 8.9, 9.75],
			"to": [5.3, 9.4, 10.25],
			"faces": {
				"north": {"uv": [0, 9, 0.5, 9.5], "texture": "#1"},
				"east": {"uv": [0, 9, 0.5, 9.5], "texture": "#1"},
				"south": {"uv": [0, 9, 0.5, 9.5], "texture": "#1"},
				"west": {"uv": [0, 9, 0.5, 9.5], "texture": "#1"},
				"up": {"uv": [0, 9, 0.5, 9.5], "texture": "#1"},
				"down": {"uv": [0, 9, 0.5, 9.5], "texture": "#1"}
			}
		}
	],
	"display": {
		"thirdperson_righthand": {
			"rotation": [62, 0, 0],
			"translation": [-6, -0.5, 0.5]
		},
		"thirdperson_lefthand": {
			"rotation": [62, 0, 0],
			"translation": [-6, -0.5, 0.5]
		},
		"firstperson_righthand": {
			"rotation": [0, -53, 0],
			"translation": [0, 3, 0],
			"scale": [0.8, 0.8, 0.8]
		},
		"firstperson_lefthand": {
			"rotation": [0, -53, 0],
			"translation": [0, 3, 0],
			"scale": [0.8, 0.8, 0.8]
		},
		"ground": {
			"rotation": [90, 0, 0],
			"translation": [0, -4, 0]
		},
		"gui": {
			"rotation": [10, 11, 0],
			"translation": [0, -1.75, 0]
		},
		"head": {
			"translation": [0, -10.5, 0],
			"scale": [3, 3, 3]
		},
		"fixed": {
			"translation": [0, 2, -2.5],
			"scale": [2.3, 2.3, 2.3]
		}
	},
	"groups": [
		{
			"name": "group",
			"origin": [8, 8, 8],
			"children": [0, 1, 2, 3, 4, 5, 6, 7, 8, 9, 10, 11, 12, 13, 14, 15, 16, 17, 18, 19, 20, 21, 22, 23, 24, 25, 26, 27]
		},
		{
			"name": "group",
			"origin": [8, 8, 8],
			"children": [28, 29, 30, 31, 32, 33, 34, 35, 36, 37, 38, 39, 40, 41, 42, 43, 44, 45, 46, 47, 48, 49, 50, 51, 52, 53, 54, 55, 56]
		},
		{
			"name": "group",
			"origin": [8, 8, 8],
			"children": [57, 58, 59, 60, 61, 62, 63, 64]
		},
		{
			"name": "group",
			"origin": [8, 8, 8],
			"children": [65, 66, 67, 68, 69, 70, 71, 72]
		}
	]
}
