{
	"credit": "Made by BronGhast014 with Blockbench",
	"textures": {
		"0": "christmas/green_present2",
		"particle": "christmas/green_present2"
	},
	"elements": [
		{
			"name": "bow",
			"from": [6, 11, 6],
			"to": [10, 12, 10],
			"faces": {
				"north": {"uv": [7, 3.5, 9, 4], "texture": "#0"},
				"east": {"uv": [7, 3.5, 9, 4], "texture": "#0"},
				"south": {"uv": [7, 3.5, 9, 4], "texture": "#0"},
				"west": {"uv": [7, 3.5, 9, 4], "texture": "#0"},
				"up": {"uv": [7, 2, 9, 4], "texture": "#0"},
				"down": {"uv": [7, 3.5, 9, 4], "texture": "#0"}
			}
		},
		{
			"name": "bow",
			"from": [6, 11, 10],
			"to": [10, 12, 11],
			"faces": {
				"north": {"uv": [7, 4, 9, 4.5], "texture": "#0"},
				"east": {"uv": [7, 4, 7.5, 4.5], "texture": "#0"},
				"south": {"uv": [7, 4, 9, 4.5], "texture": "#0"},
				"west": {"uv": [7, 4, 7.5, 4.5], "texture": "#0"},
				"up": {"uv": [7, 4, 9, 4.5], "texture": "#0"},
				"down": {"uv": [7, 4, 9, 4.5], "texture": "#0"}
			}
		},
		{
			"name": "bow",
			"from": [6, 11, 5],
			"to": [10, 12, 6],
			"faces": {
				"north": {"uv": [7, 4, 9, 4.5], "texture": "#0"},
				"east": {"uv": [7, 4, 7.5, 4.5], "texture": "#0"},
				"south": {"uv": [7, 4, 9, 4.5], "texture": "#0"},
				"west": {"uv": [7, 4, 7.5, 4.5], "texture": "#0"},
				"up": {"uv": [7, 4, 9, 4.5], "texture": "#0"},
				"down": {"uv": [7, 4, 9, 4.5], "texture": "#0"}
			}
		},
		{
			"name": "bow",
			"from": [5, 11, 6],
			"to": [6, 12, 10],
			"faces": {
				"north": {"uv": [8.5, 4, 9, 4.5], "rotation": 180, "texture": "#0"},
				"east": {"uv": [7, 4, 9, 4.5], "rotation": 90, "texture": "#0"},
				"south": {"uv": [8.5, 4, 9, 4.5], "rotation": 180, "texture": "#0"},
				"west": {"uv": [7, 4, 9, 4.5], "texture": "#0"},
				"up": {"uv": [7, 4, 9, 4.5], "rotation": 90, "texture": "#0"},
				"down": {"uv": [7, 4, 9, 4.5], "rotation": 90, "texture": "#0"}
			}
		},
		{
			"name": "bow",
			"from": [10, 11, 6],
			"to": [11, 12, 10],
			"faces": {
				"north": {"uv": [8.5, 4, 9, 4.5], "rotation": 180, "texture": "#0"},
				"east": {"uv": [7, 4, 9, 4.5], "rotation": 90, "texture": "#0"},
				"south": {"uv": [8.5, 4, 9, 4.5], "rotation": 180, "texture": "#0"},
				"west": {"uv": [7, 4, 9, 4.5], "texture": "#0"},
				"up": {"uv": [7, 4, 9, 4.5], "rotation": 90, "texture": "#0"},
				"down": {"uv": [7, 4, 9, 4.5], "rotation": 90, "texture": "#0"}
			}
		},
		{
			"name": "lid",
			"from": [1.5, 8, 1.5],
			"to": [14.5, 11, 14.5],
			"faces": {
				"north": {"uv": [5, 6, 11, 7.5], "texture": "#0"},
				"east": {"uv": [5, 6, 11, 7.5], "texture": "#0"},
				"south": {"uv": [5, 6, 11, 7.5], "texture": "#0"},
				"west": {"uv": [5, 6, 11, 7.5], "texture": "#0"},
				"up": {"uv": [5, 0, 11, 6], "texture": "#0"},
				"down": {"uv": [0, 0, 5, 5], "texture": "#0"}
			}
		},
		{
			"name": "ribon",
			"from": [7, 7.75, 1.25],
			"to": [9, 11.25, 14.75],
			"faces": {
				"north": {"uv": [7.5, 6, 8.5, 7.5], "texture": "#0"},
				"east": {"uv": [7.5, 0, 8.5, 6], "rotation": 90, "texture": "#0"},
				"south": {"uv": [7.5, 6, 8.5, 7.5], "texture": "#0"},
				"west": {"uv": [7.5, 0, 8.5, 6], "rotation": 90, "texture": "#0"},
				"up": {"uv": [7.5, 0, 8.5, 6], "rotation": 180, "texture": "#0"},
				"down": {"uv": [7.5, 0, 8.5, 5.5], "texture": "#0"}
			}
		},
		{
			"name": "ribon",
			"from": [1, 7.75, 7],
			"to": [15, 11.25, 9],
			"faces": {
				"north": {"uv": [7.5, 6, 8.5, 7.5], "texture": "#0"},
				"east": {"uv": [7.5, 6, 8.5, 7.5], "texture": "#0"},
				"south": {"uv": [7.5, 4.5, 8.5, 9.5], "texture": "#0"},
				"west": {"uv": [7.5, 6, 8.5, 7.5], "texture": "#0"},
				"up": {"uv": [7.5, 4.5, 8.5, 9.5], "rotation": 90, "texture": "#0"},
				"down": {"uv": [7.5, 4.5, 8.5, 9.5], "rotation": 90, "texture": "#0"}
			}
		},
		{
			"name": "box",
			"from": [2, -1.1, 2],
			"to": [14, 8, 14],
			"faces": {
				"north": {"uv": [0, 11.5, 6, 16], "texture": "#0"},
				"east": {"uv": [0, 11.5, 6, 16], "texture": "#0"},
				"south": {"uv": [0, 11.5, 6, 16], "texture": "#0"},
				"west": {"uv": [0, 11.5, 6, 16], "texture": "#0"},
				"up": {"uv": [0, 5, 5, 10], "texture": "#0"},
				"down": {"uv": [0, 0, 5, 5], "texture": "#0"}
			}
		},
		{
			"name": "ribon",
			"from": [7, -1, 1.75],
			"to": [9, 8.25, 14.25],
			"faces": {
				"north": {"uv": [7.5, 4.5, 8.5, 9.5], "texture": "#0"},
				"east": {"uv": [7.5, 4.5, 8.5, 9.5], "texture": "#0"},
				"south": {"uv": [7.5, 4.5, 8.5, 9.5], "texture": "#0"},
				"west": {"uv": [7.5, 4.5, 8.5, 9.5], "texture": "#0"},
				"up": {"uv": [0, 0, 2, 12.5], "texture": "#0"},
				"down": {"uv": [7.5, 1, 8.5, 6], "texture": "#0"}
			}
		},
		{
			"name": "ribon",
			"from": [1.75, -1, 7],
			"to": [14.25, 8.25, 9],
			"faces": {
				"north": {"uv": [7.5, 4.5, 8.5, 9.5], "texture": "#0"},
				"east": {"uv": [7.5, 4.5, 8.5, 9.5], "texture": "#0"},
				"south": {"uv": [7.5, 4.5, 8.5, 9.5], "texture": "#0"},
				"west": {"uv": [7.5, 4.5, 8.5, 9.5], "texture": "#0"},
				"up": {"uv": [0, 0, 2, 12.5], "texture": "#0"},
				"down": {"uv": [7.5, 4.5, 8.5, 9.5], "rotation": 90, "texture": "#0"}
			}
		}
	],
	"display": {
		"thirdperson_righthand": {
			"scale": [0.375, 0.375, 0.375],
			"rotation": [75, 45, 0],
			"translation": [0, 2.5, 0]
		},
		"thirdperson_lefthand": {
			"rotation": [75, 45, 0],
			"translation": [0, 2.5, 0],
			"scale": [0.375, 0.375, 0.375]
		},
		"firstperson_righthand": {
			"rotation": [0, 45, 0],
			"translation": [0, 0, 0],
			"scale": [0.4, 0.4, 0.4]
		},
		"ground": {
			"rotation": [0, 0, 0],
			"translation": [0, -2, 0],
			"scale": [0.5, 0.5, 0.5]
		},
		"gui": {
			"rotation": [30, 225, 0],
			"translation": [0, 0, 0],
			"scale": [0.625, 0.625, 0.625]
		},
		"fixed": {
			"rotation": [-23, -2, 0],
			"translation": [0, 0, 0],
			"scale": [0.7, 0.7, 0.7]
		},
		"firstperson_lefthand": {
			"scale": [0.4, 0.4, 0.4],
			"rotation": [0, 45, 0]
		},
		"head": {
			"translation": [0, -32, 0],
			"scale": [1.7, 1.7, 1.7]
		}
	},
	"groups": [
		{
			"name": "bow",
			"children": [0, 1, 2, 3, 4]
		},
		{
			"name": "lid",
			"children": [5, 6, 7]
		},
		{
			"name": "box",
			"children": [8, 9, 10]
		}
	]
}