{
	"credit": "Made by BronGhast014 with Blockbench",
	"textures": {
		"0": "christmas/christmas_tree",
		"particle": "christmas/christmas_tree"
	},
	"elements": [
		{
			"name": "log",
			"from": [-1.5, 21, -1.5],
			"to": [1.5, 24, 1.5],
			"faces": {
				"north": {"uv": [0, 0, 8, 8], "texture": "#0"},
				"east": {"uv": [0, 0, 8, 8], "texture": "#0"},
				"south": {"uv": [0, 0, 8, 8], "texture": "#0"},
				"west": {"uv": [0, 0, 8, 8], "texture": "#0"},
				"up": {"uv": [8, 0, 16, 8], "texture": "#0"},
				"down": {"uv": [8, 0, 16, 8], "texture": "#0"}
			}
		},
		{
			"name": "log",
			"from": [-1.5, 0, -1.5],
			"to": [1.5, 3, 1.5],
			"faces": {
				"north": {"uv": [0, 0, 8, 8], "texture": "#0"},
				"east": {"uv": [0, 0, 8, 8], "texture": "#0"},
				"south": {"uv": [0, 0, 8, 8], "texture": "#0"},
				"west": {"uv": [0, 0, 8, 8], "texture": "#0"},
				"up": {"uv": [8, 0, 16, 8], "texture": "#0"},
				"down": {"uv": [8, 0, 16, 8], "texture": "#0"}
			}
		},
		{
			"name": "log",
			"from": [-1.5, 3, -1.5],
			"to": [1.5, 6, 1.5],
			"faces": {
				"north": {"uv": [0, 0, 8, 8], "texture": "#0"},
				"east": {"uv": [0, 0, 8, 8], "texture": "#0"},
				"south": {"uv": [0, 0, 8, 8], "texture": "#0"},
				"west": {"uv": [0, 0, 8, 8], "texture": "#0"},
				"up": {"uv": [8, 0, 16, 8], "texture": "#0"},
				"down": {"uv": [8, 0, 16, 8], "texture": "#0"}
			}
		},
		{
			"name": "log",
			"from": [-1.5, 6, -1.5],
			"to": [1.5, 9, 1.5],
			"faces": {
				"north": {"uv": [0, 0, 8, 8], "texture": "#0"},
				"east": {"uv": [0, 0, 8, 8], "texture": "#0"},
				"south": {"uv": [0, 0, 8, 8], "texture": "#0"},
				"west": {"uv": [0, 0, 8, 8], "texture": "#0"},
				"up": {"uv": [8, 0, 16, 8], "texture": "#0"},
				"down": {"uv": [8, 0, 16, 8], "texture": "#0"}
			}
		},
		{
			"name": "log",
			"from": [-1.5, 9, -1.5],
			"to": [1.5, 12, 1.5],
			"faces": {
				"north": {"uv": [0, 0, 8, 8], "texture": "#0"},
				"east": {"uv": [0, 0, 8, 8], "texture": "#0"},
				"south": {"uv": [0, 0, 8, 8], "texture": "#0"},
				"west": {"uv": [0, 0, 8, 8], "texture": "#0"},
				"up": {"uv": [8, 0, 16, 8], "texture": "#0"},
				"down": {"uv": [8, 0, 16, 8], "texture": "#0"}
			}
		},
		{
			"name": "log",
			"from": [-1.5, 12, -1.5],
			"to": [1.5, 15, 1.5],
			"faces": {
				"north": {"uv": [0, 0, 8, 8], "texture": "#0"},
				"east": {"uv": [0, 0, 8, 8], "texture": "#0"},
				"south": {"uv": [0, 0, 8, 8], "texture": "#0"},
				"west": {"uv": [0, 0, 8, 8], "texture": "#0"},
				"up": {"uv": [8, 0, 16, 8], "texture": "#0"},
				"down": {"uv": [8, 0, 16, 8], "texture": "#0"}
			}
		},
		{
			"name": "log",
			"from": [-1.5, 15, -1.5],
			"to": [1.5, 18, 1.5],
			"faces": {
				"north": {"uv": [0, 0, 8, 8], "texture": "#0"},
				"east": {"uv": [0, 0, 8, 8], "texture": "#0"},
				"south": {"uv": [0, 0, 8, 8], "texture": "#0"},
				"west": {"uv": [0, 0, 8, 8], "texture": "#0"},
				"up": {"uv": [8, 0, 16, 8], "texture": "#0"},
				"down": {"uv": [8, 0, 16, 8], "texture": "#0"}
			}
		},
		{
			"name": "log",
			"from": [-1.5, 18, -1.5],
			"to": [1.5, 21, 1.5],
			"faces": {
				"north": {"uv": [0, 0, 8, 8], "texture": "#0"},
				"east": {"uv": [0, 0, 8, 8], "texture": "#0"},
				"south": {"uv": [0, 0, 8, 8], "texture": "#0"},
				"west": {"uv": [0, 0, 8, 8], "texture": "#0"},
				"up": {"uv": [8, 0, 16, 8], "texture": "#0"},
				"down": {"uv": [8, 0, 16, 8], "texture": "#0"}
			}
		},
		{
			"name": "leaves",
			"from": [4.5, 3, 1.5],
			"to": [7.5, 6, 4.5],
			"faces": {
				"north": {"uv": [8, 8, 16, 16], "texture": "#0"},
				"east": {"uv": [8, 8, 16, 16], "texture": "#0"},
				"south": {"uv": [8, 8, 16, 16], "texture": "#0"},
				"west": {"uv": [8, 8, 16, 16], "texture": "#0"},
				"up": {"uv": [8, 8, 16, 16], "texture": "#0"},
				"down": {"uv": [8, 8, 16, 16], "texture": "#0"}
			}
		},
		{
			"name": "leaves",
			"from": [-1.5, 3, -4.5],
			"to": [1.5, 6, -1.5],
			"faces": {
				"north": {"uv": [8, 8, 16, 16], "texture": "#0"},
				"east": {"uv": [8, 8, 16, 16], "texture": "#0"},
				"south": {"uv": [8, 8, 16, 16], "texture": "#0"},
				"west": {"uv": [8, 8, 16, 16], "texture": "#0"},
				"up": {"uv": [8, 8, 16, 16], "texture": "#0"},
				"down": {"uv": [8, 8, 16, 16], "texture": "#0"}
			}
		},
		{
			"name": "leaves",
			"from": [-1.5, 6, -4.5],
			"to": [1.5, 9, -1.5],
			"faces": {
				"north": {"uv": [8, 8, 16, 16], "texture": "#0"},
				"east": {"uv": [8, 8, 16, 16], "texture": "#0"},
				"south": {"uv": [8, 8, 16, 16], "texture": "#0"},
				"west": {"uv": [8, 8, 16, 16], "texture": "#0"},
				"up": {"uv": [8, 8, 16, 16], "texture": "#0"},
				"down": {"uv": [8, 8, 16, 16], "texture": "#0"}
			}
		},
		{
			"name": "leaves",
			"from": [-1.5, 21, -4.5],
			"to": [1.5, 24, -1.5],
			"faces": {
				"north": {"uv": [8, 8, 16, 16], "texture": "#0"},
				"east": {"uv": [8, 8, 16, 16], "texture": "#0"},
				"south": {"uv": [8, 8, 16, 16], "texture": "#0"},
				"west": {"uv": [8, 8, 16, 16], "texture": "#0"},
				"up": {"uv": [8, 8, 16, 16], "texture": "#0"},
				"down": {"uv": [8, 8, 16, 16], "texture": "#0"}
			}
		},
		{
			"name": "leaves",
			"from": [-1.5, 9, -4.5],
			"to": [1.5, 12, -1.5],
			"faces": {
				"north": {"uv": [8, 8, 16, 16], "texture": "#0"},
				"east": {"uv": [8, 8, 16, 16], "texture": "#0"},
				"south": {"uv": [8, 8, 16, 16], "texture": "#0"},
				"west": {"uv": [8, 8, 16, 16], "texture": "#0"},
				"up": {"uv": [8, 8, 16, 16], "texture": "#0"},
				"down": {"uv": [8, 8, 16, 16], "texture": "#0"}
			}
		},
		{
			"name": "leaves",
			"from": [-1.5, 12, -4.5],
			"to": [1.5, 15, -1.5],
			"faces": {
				"north": {"uv": [8, 8, 16, 16], "texture": "#0"},
				"east": {"uv": [8, 8, 16, 16], "texture": "#0"},
				"south": {"uv": [8, 8, 16, 16], "texture": "#0"},
				"west": {"uv": [8, 8, 16, 16], "texture": "#0"},
				"up": {"uv": [8, 8, 16, 16], "texture": "#0"},
				"down": {"uv": [8, 8, 16, 16], "texture": "#0"}
			}
		},
		{
			"name": "leaves",
			"from": [-1.5, 15, -4.5],
			"to": [1.5, 18, -1.5],
			"faces": {
				"north": {"uv": [8, 8, 16, 16], "texture": "#0"},
				"east": {"uv": [8, 8, 16, 16], "texture": "#0"},
				"south": {"uv": [8, 8, 16, 16], "texture": "#0"},
				"west": {"uv": [8, 8, 16, 16], "texture": "#0"},
				"up": {"uv": [8, 8, 16, 16], "texture": "#0"},
				"down": {"uv": [8, 8, 16, 16], "texture": "#0"}
			}
		},
		{
			"name": "leaves",
			"from": [-1.5, 18, -4.5],
			"to": [1.5, 21, -1.5],
			"faces": {
				"north": {"uv": [8, 8, 16, 16], "texture": "#0"},
				"east": {"uv": [8, 8, 16, 16], "texture": "#0"},
				"south": {"uv": [8, 8, 16, 16], "texture": "#0"},
				"west": {"uv": [8, 8, 16, 16], "texture": "#0"},
				"up": {"uv": [8, 8, 16, 16], "texture": "#0"},
				"down": {"uv": [8, 8, 16, 16], "texture": "#0"}
			}
		},
		{
			"name": "leaves",
			"from": [-1.5, 6, -7.5],
			"to": [1.5, 9, -4.5],
			"faces": {
				"north": {"uv": [8, 8, 16, 16], "texture": "#0"},
				"east": {"uv": [8, 8, 16, 16], "texture": "#0"},
				"south": {"uv": [8, 8, 16, 16], "texture": "#0"},
				"west": {"uv": [8, 8, 16, 16], "texture": "#0"},
				"up": {"uv": [8, 8, 16, 16], "texture": "#0"},
				"down": {"uv": [8, 8, 16, 16], "texture": "#0"}
			}
		},
		{
			"name": "leaves",
			"from": [-1.5, 3, -7.5],
			"to": [1.5, 6, -4.5],
			"faces": {
				"north": {"uv": [8, 8, 16, 16], "texture": "#0"},
				"east": {"uv": [8, 8, 16, 16], "texture": "#0"},
				"south": {"uv": [8, 8, 16, 16], "texture": "#0"},
				"west": {"uv": [8, 8, 16, 16], "texture": "#0"},
				"up": {"uv": [8, 8, 16, 16], "texture": "#0"},
				"down": {"uv": [8, 8, 16, 16], "texture": "#0"}
			}
		},
		{
			"name": "leaves",
			"from": [-1.5, 9, 1.5],
			"to": [1.5, 12, 4.5],
			"faces": {
				"north": {"uv": [8, 8, 16, 16], "texture": "#0"},
				"east": {"uv": [8, 8, 16, 16], "texture": "#0"},
				"south": {"uv": [8, 8, 16, 16], "texture": "#0"},
				"west": {"uv": [8, 8, 16, 16], "texture": "#0"},
				"up": {"uv": [8, 8, 16, 16], "texture": "#0"},
				"down": {"uv": [8, 8, 16, 16], "texture": "#0"}
			}
		},
		{
			"name": "leaves",
			"from": [-1.5, 12, 1.5],
			"to": [1.5, 15, 4.5],
			"faces": {
				"north": {"uv": [8, 8, 16, 16], "texture": "#0"},
				"east": {"uv": [8, 8, 16, 16], "texture": "#0"},
				"south": {"uv": [8, 8, 16, 16], "texture": "#0"},
				"west": {"uv": [8, 8, 16, 16], "texture": "#0"},
				"up": {"uv": [8, 8, 16, 16], "texture": "#0"},
				"down": {"uv": [8, 8, 16, 16], "texture": "#0"}
			}
		},
		{
			"name": "leaves",
			"from": [-1.5, 15, 1.5],
			"to": [1.5, 18, 4.5],
			"faces": {
				"north": {"uv": [8, 8, 16, 16], "texture": "#0"},
				"east": {"uv": [8, 8, 16, 16], "texture": "#0"},
				"south": {"uv": [8, 8, 16, 16], "texture": "#0"},
				"west": {"uv": [8, 8, 16, 16], "texture": "#0"},
				"up": {"uv": [8, 8, 16, 16], "texture": "#0"},
				"down": {"uv": [8, 8, 16, 16], "texture": "#0"}
			}
		},
		{
			"name": "leaves",
			"from": [-1.5, 18, 1.5],
			"to": [1.5, 21, 4.5],
			"faces": {
				"north": {"uv": [8, 8, 16, 16], "texture": "#0"},
				"east": {"uv": [8, 8, 16, 16], "texture": "#0"},
				"south": {"uv": [8, 8, 16, 16], "texture": "#0"},
				"west": {"uv": [8, 8, 16, 16], "texture": "#0"},
				"up": {"uv": [8, 8, 16, 16], "texture": "#0"},
				"down": {"uv": [8, 8, 16, 16], "texture": "#0"}
			}
		},
		{
			"name": "leaves",
			"from": [-1.5, 3, 1.5],
			"to": [1.5, 6, 4.5],
			"faces": {
				"north": {"uv": [8, 8, 16, 16], "texture": "#0"},
				"east": {"uv": [8, 8, 16, 16], "texture": "#0"},
				"south": {"uv": [8, 8, 16, 16], "texture": "#0"},
				"west": {"uv": [8, 8, 16, 16], "texture": "#0"},
				"up": {"uv": [8, 8, 16, 16], "texture": "#0"},
				"down": {"uv": [8, 8, 16, 16], "texture": "#0"}
			}
		},
		{
			"name": "leaves",
			"from": [-1.5, 6, 1.5],
			"to": [1.5, 9, 4.5],
			"faces": {
				"north": {"uv": [8, 8, 16, 16], "texture": "#0"},
				"east": {"uv": [8, 8, 16, 16], "texture": "#0"},
				"south": {"uv": [8, 8, 16, 16], "texture": "#0"},
				"west": {"uv": [8, 8, 16, 16], "texture": "#0"},
				"up": {"uv": [8, 8, 16, 16], "texture": "#0"},
				"down": {"uv": [8, 8, 16, 16], "texture": "#0"}
			}
		},
		{
			"name": "leaves",
			"from": [-1.5, 21, 1.5],
			"to": [1.5, 24, 4.5],
			"faces": {
				"north": {"uv": [8, 8, 16, 16], "texture": "#0"},
				"east": {"uv": [8, 8, 16, 16], "texture": "#0"},
				"south": {"uv": [8, 8, 16, 16], "texture": "#0"},
				"west": {"uv": [8, 8, 16, 16], "texture": "#0"},
				"up": {"uv": [8, 8, 16, 16], "texture": "#0"},
				"down": {"uv": [8, 8, 16, 16], "texture": "#0"}
			}
		},
		{
			"name": "leaves",
			"from": [-4.5, 9, -1.5],
			"to": [-1.5, 12, 1.5],
			"faces": {
				"north": {"uv": [8, 8, 16, 16], "texture": "#0"},
				"east": {"uv": [8, 8, 16, 16], "texture": "#0"},
				"south": {"uv": [8, 8, 16, 16], "texture": "#0"},
				"west": {"uv": [8, 8, 16, 16], "texture": "#0"},
				"up": {"uv": [8, 8, 16, 16], "texture": "#0"},
				"down": {"uv": [8, 8, 16, 16], "texture": "#0"}
			}
		},
		{
			"name": "leaves",
			"from": [-4.5, 12, -1.5],
			"to": [-1.5, 15, 1.5],
			"faces": {
				"north": {"uv": [8, 8, 16, 16], "texture": "#0"},
				"east": {"uv": [8, 8, 16, 16], "texture": "#0"},
				"south": {"uv": [8, 8, 16, 16], "texture": "#0"},
				"west": {"uv": [8, 8, 16, 16], "texture": "#0"},
				"up": {"uv": [8, 8, 16, 16], "texture": "#0"},
				"down": {"uv": [8, 8, 16, 16], "texture": "#0"}
			}
		},
		{
			"name": "leaves",
			"from": [-4.5, 15, -1.5],
			"to": [-1.5, 18, 1.5],
			"faces": {
				"north": {"uv": [8, 8, 16, 16], "texture": "#0"},
				"east": {"uv": [8, 8, 16, 16], "texture": "#0"},
				"south": {"uv": [8, 8, 16, 16], "texture": "#0"},
				"west": {"uv": [8, 8, 16, 16], "texture": "#0"},
				"up": {"uv": [8, 8, 16, 16], "texture": "#0"},
				"down": {"uv": [8, 8, 16, 16], "texture": "#0"}
			}
		},
		{
			"name": "leaves",
			"from": [-4.5, 18, -1.5],
			"to": [-1.5, 21, 1.5],
			"faces": {
				"north": {"uv": [8, 8, 16, 16], "texture": "#0"},
				"east": {"uv": [8, 8, 16, 16], "texture": "#0"},
				"south": {"uv": [8, 8, 16, 16], "texture": "#0"},
				"west": {"uv": [8, 8, 16, 16], "texture": "#0"},
				"up": {"uv": [8, 8, 16, 16], "texture": "#0"},
				"down": {"uv": [8, 8, 16, 16], "texture": "#0"}
			}
		},
		{
			"name": "leaves",
			"from": [-4.5, 3, -1.5],
			"to": [-1.5, 6, 1.5],
			"faces": {
				"north": {"uv": [8, 8, 16, 16], "texture": "#0"},
				"east": {"uv": [8, 8, 16, 16], "texture": "#0"},
				"south": {"uv": [8, 8, 16, 16], "texture": "#0"},
				"west": {"uv": [8, 8, 16, 16], "texture": "#0"},
				"up": {"uv": [8, 8, 16, 16], "texture": "#0"},
				"down": {"uv": [8, 8, 16, 16], "texture": "#0"}
			}
		},
		{
			"name": "leaves",
			"from": [-4.5, 6, -1.5],
			"to": [-1.5, 9, 1.5],
			"faces": {
				"north": {"uv": [8, 8, 16, 16], "texture": "#0"},
				"east": {"uv": [8, 8, 16, 16], "texture": "#0"},
				"south": {"uv": [8, 8, 16, 16], "texture": "#0"},
				"west": {"uv": [8, 8, 16, 16], "texture": "#0"},
				"up": {"uv": [8, 8, 16, 16], "texture": "#0"},
				"down": {"uv": [8, 8, 16, 16], "texture": "#0"}
			}
		},
		{
			"name": "leaves",
			"from": [-4.5, 21, -1.5],
			"to": [-1.5, 24, 1.5],
			"faces": {
				"north": {"uv": [8, 8, 16, 16], "texture": "#0"},
				"east": {"uv": [8, 8, 16, 16], "texture": "#0"},
				"south": {"uv": [8, 8, 16, 16], "texture": "#0"},
				"west": {"uv": [8, 8, 16, 16], "texture": "#0"},
				"up": {"uv": [8, 8, 16, 16], "texture": "#0"},
				"down": {"uv": [8, 8, 16, 16], "texture": "#0"}
			}
		},
		{
			"name": "leaves",
			"from": [1.5, 9, -1.5],
			"to": [4.5, 12, 1.5],
			"faces": {
				"north": {"uv": [8, 8, 16, 16], "texture": "#0"},
				"east": {"uv": [8, 8, 16, 16], "texture": "#0"},
				"south": {"uv": [8, 8, 16, 16], "texture": "#0"},
				"west": {"uv": [8, 8, 16, 16], "texture": "#0"},
				"up": {"uv": [8, 8, 16, 16], "texture": "#0"},
				"down": {"uv": [8, 8, 16, 16], "texture": "#0"}
			}
		},
		{
			"name": "leaves",
			"from": [1.5, 12, -1.5],
			"to": [4.5, 15, 1.5],
			"faces": {
				"north": {"uv": [8, 8, 16, 16], "texture": "#0"},
				"east": {"uv": [8, 8, 16, 16], "texture": "#0"},
				"south": {"uv": [8, 8, 16, 16], "texture": "#0"},
				"west": {"uv": [8, 8, 16, 16], "texture": "#0"},
				"up": {"uv": [8, 8, 16, 16], "texture": "#0"},
				"down": {"uv": [8, 8, 16, 16], "texture": "#0"}
			}
		},
		{
			"name": "leaves",
			"from": [1.5, 15, -1.5],
			"to": [4.5, 18, 1.5],
			"faces": {
				"north": {"uv": [8, 8, 16, 16], "texture": "#0"},
				"east": {"uv": [8, 8, 16, 16], "texture": "#0"},
				"south": {"uv": [8, 8, 16, 16], "texture": "#0"},
				"west": {"uv": [8, 8, 16, 16], "texture": "#0"},
				"up": {"uv": [8, 8, 16, 16], "texture": "#0"},
				"down": {"uv": [8, 8, 16, 16], "texture": "#0"}
			}
		},
		{
			"name": "leaves",
			"from": [1.5, 18, -1.5],
			"to": [4.5, 21, 1.5],
			"faces": {
				"north": {"uv": [8, 8, 16, 16], "texture": "#0"},
				"east": {"uv": [8, 8, 16, 16], "texture": "#0"},
				"south": {"uv": [8, 8, 16, 16], "texture": "#0"},
				"west": {"uv": [8, 8, 16, 16], "texture": "#0"},
				"up": {"uv": [8, 8, 16, 16], "texture": "#0"},
				"down": {"uv": [8, 8, 16, 16], "texture": "#0"}
			}
		},
		{
			"name": "leaves",
			"from": [1.5, 3, -1.5],
			"to": [4.5, 6, 1.5],
			"faces": {
				"north": {"uv": [8, 8, 16, 16], "texture": "#0"},
				"east": {"uv": [8, 8, 16, 16], "texture": "#0"},
				"south": {"uv": [8, 8, 16, 16], "texture": "#0"},
				"west": {"uv": [8, 8, 16, 16], "texture": "#0"},
				"up": {"uv": [8, 8, 16, 16], "texture": "#0"},
				"down": {"uv": [8, 8, 16, 16], "texture": "#0"}
			}
		},
		{
			"name": "leaves",
			"from": [1.5, 6, -1.5],
			"to": [4.5, 9, 1.5],
			"faces": {
				"north": {"uv": [8, 8, 16, 16], "texture": "#0"},
				"east": {"uv": [8, 8, 16, 16], "texture": "#0"},
				"south": {"uv": [8, 8, 16, 16], "texture": "#0"},
				"west": {"uv": [8, 8, 16, 16], "texture": "#0"},
				"up": {"uv": [8, 8, 16, 16], "texture": "#0"},
				"down": {"uv": [8, 8, 16, 16], "texture": "#0"}
			}
		},
		{
			"name": "leaves",
			"from": [1.5, 21, -1.5],
			"to": [4.5, 24, 1.5],
			"faces": {
				"north": {"uv": [8, 8, 16, 16], "texture": "#0"},
				"east": {"uv": [8, 8, 16, 16], "texture": "#0"},
				"south": {"uv": [8, 8, 16, 16], "texture": "#0"},
				"west": {"uv": [8, 8, 16, 16], "texture": "#0"},
				"up": {"uv": [8, 8, 16, 16], "texture": "#0"},
				"down": {"uv": [8, 8, 16, 16], "texture": "#0"}
			}
		},
		{
			"name": "leaves",
			"from": [-1.5, 9, -7.5],
			"to": [1.5, 12, -4.5],
			"faces": {
				"north": {"uv": [8, 8, 16, 16], "texture": "#0"},
				"east": {"uv": [8, 8, 16, 16], "texture": "#0"},
				"south": {"uv": [8, 8, 16, 16], "texture": "#0"},
				"west": {"uv": [8, 8, 16, 16], "texture": "#0"},
				"up": {"uv": [8, 8, 16, 16], "texture": "#0"},
				"down": {"uv": [8, 8, 16, 16], "texture": "#0"}
			}
		},
		{
			"name": "leaves",
			"from": [-1.5, 12, -7.5],
			"to": [1.5, 15, -4.5],
			"faces": {
				"north": {"uv": [8, 8, 16, 16], "texture": "#0"},
				"east": {"uv": [8, 8, 16, 16], "texture": "#0"},
				"south": {"uv": [8, 8, 16, 16], "texture": "#0"},
				"west": {"uv": [8, 8, 16, 16], "texture": "#0"},
				"up": {"uv": [8, 8, 16, 16], "texture": "#0"},
				"down": {"uv": [8, 8, 16, 16], "texture": "#0"}
			}
		},
		{
			"name": "leaves",
			"from": [-1.5, 9, 4.5],
			"to": [1.5, 12, 7.5],
			"faces": {
				"north": {"uv": [8, 8, 16, 16], "texture": "#0"},
				"east": {"uv": [8, 8, 16, 16], "texture": "#0"},
				"south": {"uv": [8, 8, 16, 16], "texture": "#0"},
				"west": {"uv": [8, 8, 16, 16], "texture": "#0"},
				"up": {"uv": [8, 8, 16, 16], "texture": "#0"},
				"down": {"uv": [8, 8, 16, 16], "texture": "#0"}
			}
		},
		{
			"name": "leaves",
			"from": [-1.5, 12, 4.5],
			"to": [1.5, 15, 7.5],
			"faces": {
				"north": {"uv": [8, 8, 16, 16], "texture": "#0"},
				"east": {"uv": [8, 8, 16, 16], "texture": "#0"},
				"south": {"uv": [8, 8, 16, 16], "texture": "#0"},
				"west": {"uv": [8, 8, 16, 16], "texture": "#0"},
				"up": {"uv": [8, 8, 16, 16], "texture": "#0"},
				"down": {"uv": [8, 8, 16, 16], "texture": "#0"}
			}
		},
		{
			"name": "leaves",
			"from": [-1.5, 3, 4.5],
			"to": [1.5, 6, 7.5],
			"faces": {
				"north": {"uv": [8, 8, 16, 16], "texture": "#0"},
				"east": {"uv": [8, 8, 16, 16], "texture": "#0"},
				"south": {"uv": [8, 8, 16, 16], "texture": "#0"},
				"west": {"uv": [8, 8, 16, 16], "texture": "#0"},
				"up": {"uv": [8, 8, 16, 16], "texture": "#0"},
				"down": {"uv": [8, 8, 16, 16], "texture": "#0"}
			}
		},
		{
			"name": "leaves",
			"from": [-1.5, 6, 4.5],
			"to": [1.5, 9, 7.5],
			"faces": {
				"north": {"uv": [8, 8, 16, 16], "texture": "#0"},
				"east": {"uv": [8, 8, 16, 16], "texture": "#0"},
				"south": {"uv": [8, 8, 16, 16], "texture": "#0"},
				"west": {"uv": [8, 8, 16, 16], "texture": "#0"},
				"up": {"uv": [8, 8, 16, 16], "texture": "#0"},
				"down": {"uv": [8, 8, 16, 16], "texture": "#0"}
			}
		},
		{
			"name": "leaves",
			"from": [4.5, 9, -1.5],
			"to": [7.5, 12, 1.5],
			"faces": {
				"north": {"uv": [8, 8, 16, 16], "texture": "#0"},
				"east": {"uv": [8, 8, 16, 16], "texture": "#0"},
				"south": {"uv": [8, 8, 16, 16], "texture": "#0"},
				"west": {"uv": [8, 8, 16, 16], "texture": "#0"},
				"up": {"uv": [8, 8, 16, 16], "texture": "#0"},
				"down": {"uv": [8, 8, 16, 16], "texture": "#0"}
			}
		},
		{
			"name": "leaves",
			"from": [4.5, 12, -1.5],
			"to": [7.5, 15, 1.5],
			"faces": {
				"north": {"uv": [8, 8, 16, 16], "texture": "#0"},
				"east": {"uv": [8, 8, 16, 16], "texture": "#0"},
				"south": {"uv": [8, 8, 16, 16], "texture": "#0"},
				"west": {"uv": [8, 8, 16, 16], "texture": "#0"},
				"up": {"uv": [8, 8, 16, 16], "texture": "#0"},
				"down": {"uv": [8, 8, 16, 16], "texture": "#0"}
			}
		},
		{
			"name": "leaves",
			"from": [4.5, 3, -1.5],
			"to": [7.5, 6, 1.5],
			"faces": {
				"north": {"uv": [8, 8, 16, 16], "texture": "#0"},
				"east": {"uv": [8, 8, 16, 16], "texture": "#0"},
				"south": {"uv": [8, 8, 16, 16], "texture": "#0"},
				"west": {"uv": [8, 8, 16, 16], "texture": "#0"},
				"up": {"uv": [8, 8, 16, 16], "texture": "#0"},
				"down": {"uv": [8, 8, 16, 16], "texture": "#0"}
			}
		},
		{
			"name": "leaves",
			"from": [4.5, 6, -1.5],
			"to": [7.5, 9, 1.5],
			"faces": {
				"north": {"uv": [8, 8, 16, 16], "texture": "#0"},
				"east": {"uv": [8, 8, 16, 16], "texture": "#0"},
				"south": {"uv": [8, 8, 16, 16], "texture": "#0"},
				"west": {"uv": [8, 8, 16, 16], "texture": "#0"},
				"up": {"uv": [8, 8, 16, 16], "texture": "#0"},
				"down": {"uv": [8, 8, 16, 16], "texture": "#0"}
			}
		},
		{
			"name": "leaves",
			"from": [-7.5, 9, -1.5],
			"to": [-4.5, 12, 1.5],
			"faces": {
				"north": {"uv": [8, 8, 16, 16], "texture": "#0"},
				"east": {"uv": [8, 8, 16, 16], "texture": "#0"},
				"south": {"uv": [8, 8, 16, 16], "texture": "#0"},
				"west": {"uv": [8, 8, 16, 16], "texture": "#0"},
				"up": {"uv": [8, 8, 16, 16], "texture": "#0"},
				"down": {"uv": [8, 8, 16, 16], "texture": "#0"}
			}
		},
		{
			"name": "leaves",
			"from": [-7.5, 12, -1.5],
			"to": [-4.5, 15, 1.5],
			"faces": {
				"north": {"uv": [8, 8, 16, 16], "texture": "#0"},
				"east": {"uv": [8, 8, 16, 16], "texture": "#0"},
				"south": {"uv": [8, 8, 16, 16], "texture": "#0"},
				"west": {"uv": [8, 8, 16, 16], "texture": "#0"},
				"up": {"uv": [8, 8, 16, 16], "texture": "#0"},
				"down": {"uv": [8, 8, 16, 16], "texture": "#0"}
			}
		},
		{
			"name": "leaves",
			"from": [-7.5, 3, -1.5],
			"to": [-4.5, 6, 1.5],
			"faces": {
				"north": {"uv": [8, 8, 16, 16], "texture": "#0"},
				"east": {"uv": [8, 8, 16, 16], "texture": "#0"},
				"south": {"uv": [8, 8, 16, 16], "texture": "#0"},
				"west": {"uv": [8, 8, 16, 16], "texture": "#0"},
				"up": {"uv": [8, 8, 16, 16], "texture": "#0"},
				"down": {"uv": [8, 8, 16, 16], "texture": "#0"}
			}
		},
		{
			"name": "leaves",
			"from": [-7.5, 6, -1.5],
			"to": [-4.5, 9, 1.5],
			"faces": {
				"north": {"uv": [8, 8, 16, 16], "texture": "#0"},
				"east": {"uv": [8, 8, 16, 16], "texture": "#0"},
				"south": {"uv": [8, 8, 16, 16], "texture": "#0"},
				"west": {"uv": [8, 8, 16, 16], "texture": "#0"},
				"up": {"uv": [8, 8, 16, 16], "texture": "#0"},
				"down": {"uv": [8, 8, 16, 16], "texture": "#0"}
			}
		},
		{
			"name": "leaves",
			"from": [-4.5, 3, -4.5],
			"to": [-1.5, 6, -1.5],
			"faces": {
				"north": {"uv": [8, 8, 16, 16], "texture": "#0"},
				"east": {"uv": [8, 8, 16, 16], "texture": "#0"},
				"south": {"uv": [8, 8, 16, 16], "texture": "#0"},
				"west": {"uv": [8, 8, 16, 16], "texture": "#0"},
				"up": {"uv": [8, 8, 16, 16], "texture": "#0"},
				"down": {"uv": [8, 8, 16, 16], "texture": "#0"}
			}
		},
		{
			"name": "leaves",
			"from": [-4.5, 6, -4.5],
			"to": [-1.5, 9, -1.5],
			"faces": {
				"north": {"uv": [8, 8, 16, 16], "texture": "#0"},
				"east": {"uv": [8, 8, 16, 16], "texture": "#0"},
				"south": {"uv": [8, 8, 16, 16], "texture": "#0"},
				"west": {"uv": [8, 8, 16, 16], "texture": "#0"},
				"up": {"uv": [8, 8, 16, 16], "texture": "#0"},
				"down": {"uv": [8, 8, 16, 16], "texture": "#0"}
			}
		},
		{
			"name": "leaves",
			"from": [-4.5, 9, -4.5],
			"to": [-1.5, 12, -1.5],
			"faces": {
				"north": {"uv": [8, 8, 16, 16], "texture": "#0"},
				"east": {"uv": [8, 8, 16, 16], "texture": "#0"},
				"south": {"uv": [8, 8, 16, 16], "texture": "#0"},
				"west": {"uv": [8, 8, 16, 16], "texture": "#0"},
				"up": {"uv": [8, 8, 16, 16], "texture": "#0"},
				"down": {"uv": [8, 8, 16, 16], "texture": "#0"}
			}
		},
		{
			"name": "leaves",
			"from": [-4.5, 12, -4.5],
			"to": [-1.5, 15, -1.5],
			"faces": {
				"north": {"uv": [8, 8, 16, 16], "texture": "#0"},
				"east": {"uv": [8, 8, 16, 16], "texture": "#0"},
				"south": {"uv": [8, 8, 16, 16], "texture": "#0"},
				"west": {"uv": [8, 8, 16, 16], "texture": "#0"},
				"up": {"uv": [8, 8, 16, 16], "texture": "#0"},
				"down": {"uv": [8, 8, 16, 16], "texture": "#0"}
			}
		},
		{
			"name": "leaves",
			"from": [-4.5, 15, -4.5],
			"to": [-1.5, 18, -1.5],
			"faces": {
				"north": {"uv": [8, 8, 16, 16], "texture": "#0"},
				"east": {"uv": [8, 8, 16, 16], "texture": "#0"},
				"south": {"uv": [8, 8, 16, 16], "texture": "#0"},
				"west": {"uv": [8, 8, 16, 16], "texture": "#0"},
				"up": {"uv": [8, 8, 16, 16], "texture": "#0"},
				"down": {"uv": [8, 8, 16, 16], "texture": "#0"}
			}
		},
		{
			"name": "leaves",
			"from": [-4.5, 15, 1.5],
			"to": [-1.5, 18, 4.5],
			"faces": {
				"north": {"uv": [8, 8, 16, 16], "texture": "#0"},
				"east": {"uv": [8, 8, 16, 16], "texture": "#0"},
				"south": {"uv": [8, 8, 16, 16], "texture": "#0"},
				"west": {"uv": [8, 8, 16, 16], "texture": "#0"},
				"up": {"uv": [8, 8, 16, 16], "texture": "#0"},
				"down": {"uv": [8, 8, 16, 16], "texture": "#0"}
			}
		},
		{
			"name": "leaves",
			"from": [-4.5, 9, 1.5],
			"to": [-1.5, 12, 4.5],
			"faces": {
				"north": {"uv": [8, 8, 16, 16], "texture": "#0"},
				"east": {"uv": [8, 8, 16, 16], "texture": "#0"},
				"south": {"uv": [8, 8, 16, 16], "texture": "#0"},
				"west": {"uv": [8, 8, 16, 16], "texture": "#0"},
				"up": {"uv": [8, 8, 16, 16], "texture": "#0"},
				"down": {"uv": [8, 8, 16, 16], "texture": "#0"}
			}
		},
		{
			"name": "leaves",
			"from": [-4.5, 12, 1.5],
			"to": [-1.5, 15, 4.5],
			"faces": {
				"north": {"uv": [8, 8, 16, 16], "texture": "#0"},
				"east": {"uv": [8, 8, 16, 16], "texture": "#0"},
				"south": {"uv": [8, 8, 16, 16], "texture": "#0"},
				"west": {"uv": [8, 8, 16, 16], "texture": "#0"},
				"up": {"uv": [8, 8, 16, 16], "texture": "#0"},
				"down": {"uv": [8, 8, 16, 16], "texture": "#0"}
			}
		},
		{
			"name": "leaves",
			"from": [-4.5, 6, 1.5],
			"to": [-1.5, 9, 4.5],
			"faces": {
				"north": {"uv": [8, 8, 16, 16], "texture": "#0"},
				"east": {"uv": [8, 8, 16, 16], "texture": "#0"},
				"south": {"uv": [8, 8, 16, 16], "texture": "#0"},
				"west": {"uv": [8, 8, 16, 16], "texture": "#0"},
				"up": {"uv": [8, 8, 16, 16], "texture": "#0"},
				"down": {"uv": [8, 8, 16, 16], "texture": "#0"}
			}
		},
		{
			"name": "leaves",
			"from": [-4.5, 3, 1.5],
			"to": [-1.5, 6, 4.5],
			"faces": {
				"north": {"uv": [8, 8, 16, 16], "texture": "#0"},
				"east": {"uv": [8, 8, 16, 16], "texture": "#0"},
				"south": {"uv": [8, 8, 16, 16], "texture": "#0"},
				"west": {"uv": [8, 8, 16, 16], "texture": "#0"},
				"up": {"uv": [8, 8, 16, 16], "texture": "#0"},
				"down": {"uv": [8, 8, 16, 16], "texture": "#0"}
			}
		},
		{
			"name": "leaves",
			"from": [1.5, 15, 1.5],
			"to": [4.5, 18, 4.5],
			"faces": {
				"north": {"uv": [8, 8, 16, 16], "texture": "#0"},
				"east": {"uv": [8, 8, 16, 16], "texture": "#0"},
				"south": {"uv": [8, 8, 16, 16], "texture": "#0"},
				"west": {"uv": [8, 8, 16, 16], "texture": "#0"},
				"up": {"uv": [8, 8, 16, 16], "texture": "#0"},
				"down": {"uv": [8, 8, 16, 16], "texture": "#0"}
			}
		},
		{
			"name": "leaves",
			"from": [1.5, 9, 1.5],
			"to": [4.5, 12, 4.5],
			"faces": {
				"north": {"uv": [8, 8, 16, 16], "texture": "#0"},
				"east": {"uv": [8, 8, 16, 16], "texture": "#0"},
				"south": {"uv": [8, 8, 16, 16], "texture": "#0"},
				"west": {"uv": [8, 8, 16, 16], "texture": "#0"},
				"up": {"uv": [8, 8, 16, 16], "texture": "#0"},
				"down": {"uv": [8, 8, 16, 16], "texture": "#0"}
			}
		},
		{
			"name": "leaves",
			"from": [1.5, 12, 1.5],
			"to": [4.5, 15, 4.5],
			"faces": {
				"north": {"uv": [8, 8, 16, 16], "texture": "#0"},
				"east": {"uv": [8, 8, 16, 16], "texture": "#0"},
				"south": {"uv": [8, 8, 16, 16], "texture": "#0"},
				"west": {"uv": [8, 8, 16, 16], "texture": "#0"},
				"up": {"uv": [8, 8, 16, 16], "texture": "#0"},
				"down": {"uv": [8, 8, 16, 16], "texture": "#0"}
			}
		},
		{
			"name": "leaves",
			"from": [1.5, 6, 1.5],
			"to": [4.5, 9, 4.5],
			"faces": {
				"north": {"uv": [8, 8, 16, 16], "texture": "#0"},
				"east": {"uv": [8, 8, 16, 16], "texture": "#0"},
				"south": {"uv": [8, 8, 16, 16], "texture": "#0"},
				"west": {"uv": [8, 8, 16, 16], "texture": "#0"},
				"up": {"uv": [8, 8, 16, 16], "texture": "#0"},
				"down": {"uv": [8, 8, 16, 16], "texture": "#0"}
			}
		},
		{
			"name": "leaves",
			"from": [1.5, 3, 1.5],
			"to": [4.5, 6, 4.5],
			"faces": {
				"north": {"uv": [8, 8, 16, 16], "texture": "#0"},
				"east": {"uv": [8, 8, 16, 16], "texture": "#0"},
				"south": {"uv": [8, 8, 16, 16], "texture": "#0"},
				"west": {"uv": [8, 8, 16, 16], "texture": "#0"},
				"up": {"uv": [8, 8, 16, 16], "texture": "#0"},
				"down": {"uv": [8, 8, 16, 16], "texture": "#0"}
			}
		},
		{
			"name": "leaves",
			"from": [1.5, 15, -4.5],
			"to": [4.5, 18, -1.5],
			"faces": {
				"north": {"uv": [8, 8, 16, 16], "texture": "#0"},
				"east": {"uv": [8, 8, 16, 16], "texture": "#0"},
				"south": {"uv": [8, 8, 16, 16], "texture": "#0"},
				"west": {"uv": [8, 8, 16, 16], "texture": "#0"},
				"up": {"uv": [8, 8, 16, 16], "texture": "#0"},
				"down": {"uv": [8, 8, 16, 16], "texture": "#0"}
			}
		},
		{
			"name": "leaves",
			"from": [1.5, 9, -4.5],
			"to": [4.5, 12, -1.5],
			"faces": {
				"north": {"uv": [8, 8, 16, 16], "texture": "#0"},
				"east": {"uv": [8, 8, 16, 16], "texture": "#0"},
				"south": {"uv": [8, 8, 16, 16], "texture": "#0"},
				"west": {"uv": [8, 8, 16, 16], "texture": "#0"},
				"up": {"uv": [8, 8, 16, 16], "texture": "#0"},
				"down": {"uv": [8, 8, 16, 16], "texture": "#0"}
			}
		},
		{
			"name": "leaves",
			"from": [1.5, 12, -4.5],
			"to": [4.5, 15, -1.5],
			"faces": {
				"north": {"uv": [8, 8, 16, 16], "texture": "#0"},
				"east": {"uv": [8, 8, 16, 16], "texture": "#0"},
				"south": {"uv": [8, 8, 16, 16], "texture": "#0"},
				"west": {"uv": [8, 8, 16, 16], "texture": "#0"},
				"up": {"uv": [8, 8, 16, 16], "texture": "#0"},
				"down": {"uv": [8, 8, 16, 16], "texture": "#0"}
			}
		},
		{
			"name": "leaves",
			"from": [1.5, 6, -4.5],
			"to": [4.5, 9, -1.5],
			"faces": {
				"north": {"uv": [8, 8, 16, 16], "texture": "#0"},
				"east": {"uv": [8, 8, 16, 16], "texture": "#0"},
				"south": {"uv": [8, 8, 16, 16], "texture": "#0"},
				"west": {"uv": [8, 8, 16, 16], "texture": "#0"},
				"up": {"uv": [8, 8, 16, 16], "texture": "#0"},
				"down": {"uv": [8, 8, 16, 16], "texture": "#0"}
			}
		},
		{
			"name": "leaves",
			"from": [1.5, 3, -4.5],
			"to": [4.5, 6, -1.5],
			"faces": {
				"north": {"uv": [8, 8, 16, 16], "texture": "#0"},
				"east": {"uv": [8, 8, 16, 16], "texture": "#0"},
				"south": {"uv": [8, 8, 16, 16], "texture": "#0"},
				"west": {"uv": [8, 8, 16, 16], "texture": "#0"},
				"up": {"uv": [8, 8, 16, 16], "texture": "#0"},
				"down": {"uv": [8, 8, 16, 16], "texture": "#0"}
			}
		},
		{
			"name": "leaves",
			"from": [4.5, 3, -4.5],
			"to": [7.5, 6, -1.5],
			"faces": {
				"north": {"uv": [8, 8, 16, 16], "texture": "#0"},
				"east": {"uv": [8, 8, 16, 16], "texture": "#0"},
				"south": {"uv": [8, 8, 16, 16], "texture": "#0"},
				"west": {"uv": [8, 8, 16, 16], "texture": "#0"},
				"up": {"uv": [8, 8, 16, 16], "texture": "#0"},
				"down": {"uv": [8, 8, 16, 16], "texture": "#0"}
			}
		},
		{
			"name": "leaves",
			"from": [4.5, 6, -4.5],
			"to": [7.5, 9, -1.5],
			"faces": {
				"north": {"uv": [8, 8, 16, 16], "texture": "#0"},
				"east": {"uv": [8, 8, 16, 16], "texture": "#0"},
				"south": {"uv": [8, 8, 16, 16], "texture": "#0"},
				"west": {"uv": [8, 8, 16, 16], "texture": "#0"},
				"up": {"uv": [8, 8, 16, 16], "texture": "#0"},
				"down": {"uv": [8, 8, 16, 16], "texture": "#0"}
			}
		},
		{
			"name": "leaves",
			"from": [1.5, 3, -7.5],
			"to": [4.5, 6, -4.5],
			"faces": {
				"north": {"uv": [8, 8, 16, 16], "texture": "#0"},
				"east": {"uv": [8, 8, 16, 16], "texture": "#0"},
				"south": {"uv": [8, 8, 16, 16], "texture": "#0"},
				"west": {"uv": [8, 8, 16, 16], "texture": "#0"},
				"up": {"uv": [8, 8, 16, 16], "texture": "#0"},
				"down": {"uv": [8, 8, 16, 16], "texture": "#0"}
			}
		},
		{
			"name": "leaves",
			"from": [1.5, 6, -7.5],
			"to": [4.5, 9, -4.5],
			"faces": {
				"north": {"uv": [8, 8, 16, 16], "texture": "#0"},
				"east": {"uv": [8, 8, 16, 16], "texture": "#0"},
				"south": {"uv": [8, 8, 16, 16], "texture": "#0"},
				"west": {"uv": [8, 8, 16, 16], "texture": "#0"},
				"up": {"uv": [8, 8, 16, 16], "texture": "#0"},
				"down": {"uv": [8, 8, 16, 16], "texture": "#0"}
			}
		},
		{
			"name": "leaves",
			"from": [-4.5, 3, -7.5],
			"to": [-1.5, 6, -4.5],
			"faces": {
				"north": {"uv": [8, 8, 16, 16], "texture": "#0"},
				"east": {"uv": [8, 8, 16, 16], "texture": "#0"},
				"south": {"uv": [8, 8, 16, 16], "texture": "#0"},
				"west": {"uv": [8, 8, 16, 16], "texture": "#0"},
				"up": {"uv": [8, 8, 16, 16], "texture": "#0"},
				"down": {"uv": [8, 8, 16, 16], "texture": "#0"}
			}
		},
		{
			"name": "leaves",
			"from": [-4.5, 6, -7.5],
			"to": [-1.5, 9, -4.5],
			"faces": {
				"north": {"uv": [8, 8, 16, 16], "texture": "#0"},
				"east": {"uv": [8, 8, 16, 16], "texture": "#0"},
				"south": {"uv": [8, 8, 16, 16], "texture": "#0"},
				"west": {"uv": [8, 8, 16, 16], "texture": "#0"},
				"up": {"uv": [8, 8, 16, 16], "texture": "#0"},
				"down": {"uv": [8, 8, 16, 16], "texture": "#0"}
			}
		},
		{
			"name": "leaves",
			"from": [-7.5, 6, -4.5],
			"to": [-4.5, 9, -1.5],
			"faces": {
				"north": {"uv": [8, 8, 16, 16], "texture": "#0"},
				"east": {"uv": [8, 8, 16, 16], "texture": "#0"},
				"south": {"uv": [8, 8, 16, 16], "texture": "#0"},
				"west": {"uv": [8, 8, 16, 16], "texture": "#0"},
				"up": {"uv": [8, 8, 16, 16], "texture": "#0"},
				"down": {"uv": [8, 8, 16, 16], "texture": "#0"}
			}
		},
		{
			"name": "leaves",
			"from": [-7.5, 3, -4.5],
			"to": [-4.5, 6, -1.5],
			"faces": {
				"north": {"uv": [8, 8, 16, 16], "texture": "#0"},
				"east": {"uv": [8, 8, 16, 16], "texture": "#0"},
				"south": {"uv": [8, 8, 16, 16], "texture": "#0"},
				"west": {"uv": [8, 8, 16, 16], "texture": "#0"},
				"up": {"uv": [8, 8, 16, 16], "texture": "#0"},
				"down": {"uv": [8, 8, 16, 16], "texture": "#0"}
			}
		},
		{
			"name": "leaves",
			"from": [-7.5, 6, 1.5],
			"to": [-4.5, 9, 4.5],
			"faces": {
				"north": {"uv": [8, 8, 16, 16], "texture": "#0"},
				"east": {"uv": [8, 8, 16, 16], "texture": "#0"},
				"south": {"uv": [8, 8, 16, 16], "texture": "#0"},
				"west": {"uv": [8, 8, 16, 16], "texture": "#0"},
				"up": {"uv": [8, 8, 16, 16], "texture": "#0"},
				"down": {"uv": [8, 8, 16, 16], "texture": "#0"}
			}
		},
		{
			"name": "leaves",
			"from": [-7.5, 3, 1.5],
			"to": [-4.5, 6, 4.5],
			"faces": {
				"north": {"uv": [8, 8, 16, 16], "texture": "#0"},
				"east": {"uv": [8, 8, 16, 16], "texture": "#0"},
				"south": {"uv": [8, 8, 16, 16], "texture": "#0"},
				"west": {"uv": [8, 8, 16, 16], "texture": "#0"},
				"up": {"uv": [8, 8, 16, 16], "texture": "#0"},
				"down": {"uv": [8, 8, 16, 16], "texture": "#0"}
			}
		},
		{
			"name": "leaves",
			"from": [-4.5, 6, 4.5],
			"to": [-1.5, 9, 7.5],
			"faces": {
				"north": {"uv": [8, 8, 16, 16], "texture": "#0"},
				"east": {"uv": [8, 8, 16, 16], "texture": "#0"},
				"south": {"uv": [8, 8, 16, 16], "texture": "#0"},
				"west": {"uv": [8, 8, 16, 16], "texture": "#0"},
				"up": {"uv": [8, 8, 16, 16], "texture": "#0"},
				"down": {"uv": [8, 8, 16, 16], "texture": "#0"}
			}
		},
		{
			"name": "leaves",
			"from": [-4.5, 3, 4.5],
			"to": [-1.5, 6, 7.5],
			"faces": {
				"north": {"uv": [8, 8, 16, 16], "texture": "#0"},
				"east": {"uv": [8, 8, 16, 16], "texture": "#0"},
				"south": {"uv": [8, 8, 16, 16], "texture": "#0"},
				"west": {"uv": [8, 8, 16, 16], "texture": "#0"},
				"up": {"uv": [8, 8, 16, 16], "texture": "#0"},
				"down": {"uv": [8, 8, 16, 16], "texture": "#0"}
			}
		},
		{
			"name": "leaves",
			"from": [1.5, 6, 4.5],
			"to": [4.5, 9, 7.5],
			"faces": {
				"north": {"uv": [8, 8, 16, 16], "texture": "#0"},
				"east": {"uv": [8, 8, 16, 16], "texture": "#0"},
				"south": {"uv": [8, 8, 16, 16], "texture": "#0"},
				"west": {"uv": [8, 8, 16, 16], "texture": "#0"},
				"up": {"uv": [8, 8, 16, 16], "texture": "#0"},
				"down": {"uv": [8, 8, 16, 16], "texture": "#0"}
			}
		},
		{
			"name": "leaves",
			"from": [1.5, 3, 4.5],
			"to": [4.5, 6, 7.5],
			"faces": {
				"north": {"uv": [8, 8, 16, 16], "texture": "#0"},
				"east": {"uv": [8, 8, 16, 16], "texture": "#0"},
				"south": {"uv": [8, 8, 16, 16], "texture": "#0"},
				"west": {"uv": [8, 8, 16, 16], "texture": "#0"},
				"up": {"uv": [8, 8, 16, 16], "texture": "#0"},
				"down": {"uv": [8, 8, 16, 16], "texture": "#0"}
			}
		},
		{
			"name": "leaves",
			"from": [4.5, 6, 1.5],
			"to": [7.5, 9, 4.5],
			"faces": {
				"north": {"uv": [8, 8, 16, 16], "texture": "#0"},
				"east": {"uv": [8, 8, 16, 16], "texture": "#0"},
				"south": {"uv": [8, 8, 16, 16], "texture": "#0"},
				"west": {"uv": [8, 8, 16, 16], "texture": "#0"},
				"up": {"uv": [8, 8, 16, 16], "texture": "#0"},
				"down": {"uv": [8, 8, 16, 16], "texture": "#0"}
			}
		},
		{
			"name": "leaves",
			"from": [-1.5, 24, -1.5],
			"to": [1.5, 27, 1.5],
			"faces": {
				"north": {"uv": [8, 8, 16, 16], "texture": "#0"},
				"east": {"uv": [8, 8, 16, 16], "texture": "#0"},
				"south": {"uv": [8, 8, 16, 16], "texture": "#0"},
				"west": {"uv": [8, 8, 16, 16], "texture": "#0"},
				"up": {"uv": [8, 8, 16, 16], "texture": "#0"},
				"down": {"uv": [8, 8, 16, 16], "texture": "#0"}
			}
		},
		{
			"from": [3, 4, -8],
			"to": [4, 5, -7],
			"faces": {
				"north": {"uv": [0, 8, 4, 12], "texture": "#0"},
				"east": {"uv": [0, 8, 4, 12], "texture": "#0"},
				"south": {"uv": [0, 8, 4, 12], "texture": "#0"},
				"west": {"uv": [0, 8, 4, 12], "texture": "#0"},
				"up": {"uv": [0, 8, 4, 12], "texture": "#0"},
				"down": {"uv": [0, 8, 4, 12], "texture": "#0"}
			}
		},
		{
			"from": [-8, 5, -3],
			"to": [-7, 6, -2],
			"faces": {
				"north": {"uv": [4, 8, 8, 12], "texture": "#0"},
				"east": {"uv": [4, 8, 8, 12], "texture": "#0"},
				"south": {"uv": [4, 8, 8, 12], "texture": "#0"},
				"west": {"uv": [4, 8, 8, 12], "texture": "#0"},
				"up": {"uv": [4, 8, 8, 12], "texture": "#0"},
				"down": {"uv": [4, 8, 8, 12], "texture": "#0"}
			}
		},
		{
			"from": [-5, 4, -8],
			"to": [-4, 5, -7],
			"faces": {
				"north": {"uv": [0, 8, 4, 12], "texture": "#0"},
				"east": {"uv": [0, 8, 4, 12], "texture": "#0"},
				"south": {"uv": [0, 8, 4, 12], "texture": "#0"},
				"west": {"uv": [0, 8, 4, 12], "texture": "#0"},
				"up": {"uv": [0, 8, 4, 12], "texture": "#0"},
				"down": {"uv": [0, 8, 4, 12], "texture": "#0"}
			}
		},
		{
			"from": [-1, 8, -8],
			"to": [0, 9, -7],
			"faces": {
				"north": {"uv": [0, 12, 4, 16], "texture": "#0"},
				"east": {"uv": [0, 12, 4, 16], "texture": "#0"},
				"south": {"uv": [0, 12, 4, 16], "texture": "#0"},
				"west": {"uv": [0, 12, 4, 16], "texture": "#0"},
				"up": {"uv": [0, 12, 4, 16], "texture": "#0"},
				"down": {"uv": [0, 12, 4, 16], "texture": "#0"}
			}
		},
		{
			"from": [-2.5, 10, -5.5],
			"to": [-1.5, 11, -4.5],
			"faces": {
				"north": {"uv": [4, 8, 8, 12], "texture": "#0"},
				"east": {"uv": [4, 8, 8, 12], "texture": "#0"},
				"south": {"uv": [4, 8, 8, 12], "texture": "#0"},
				"west": {"uv": [4, 8, 8, 12], "texture": "#0"},
				"up": {"uv": [4, 8, 8, 12], "texture": "#0"},
				"down": {"uv": [4, 8, 8, 12], "texture": "#0"}
			}
		},
		{
			"from": [-8, 6, 0],
			"to": [-7, 7, 1],
			"faces": {
				"north": {"uv": [0, 12, 4, 16], "texture": "#0"},
				"east": {"uv": [0, 12, 4, 16], "texture": "#0"},
				"south": {"uv": [0, 12, 4, 16], "texture": "#0"},
				"west": {"uv": [0, 12, 4, 16], "texture": "#0"},
				"up": {"uv": [0, 12, 4, 16], "texture": "#0"},
				"down": {"uv": [0, 12, 4, 16], "texture": "#0"}
			}
		},
		{
			"from": [-7.1, 5.1, 4],
			"to": [-6.1, 6.1, 5],
			"faces": {
				"north": {"uv": [4, 8, 8, 12], "texture": "#0"},
				"east": {"uv": [4, 8, 8, 12], "texture": "#0"},
				"south": {"uv": [4, 8, 8, 12], "texture": "#0"},
				"west": {"uv": [4, 8, 8, 12], "texture": "#0"},
				"up": {"uv": [4, 8, 8, 12], "texture": "#0"},
				"down": {"uv": [4, 8, 8, 12], "texture": "#0"}
			}
		},
		{
			"from": [-6, 9, -3],
			"to": [-5, 10, -2],
			"faces": {
				"north": {"uv": [0, 8, 4, 12], "texture": "#0"},
				"east": {"uv": [0, 8, 4, 12], "texture": "#0"},
				"south": {"uv": [0, 8, 4, 12], "texture": "#0"},
				"west": {"uv": [0, 8, 4, 12], "texture": "#0"},
				"up": {"uv": [0, 8, 4, 12], "texture": "#0"},
				"down": {"uv": [0, 8, 4, 12], "texture": "#0"}
			}
		},
		{
			"from": [-6, 9, 2],
			"to": [-5, 10, 3],
			"faces": {
				"north": {"uv": [0, 8, 4, 12], "texture": "#0"},
				"east": {"uv": [0, 8, 4, 12], "texture": "#0"},
				"south": {"uv": [0, 8, 4, 12], "texture": "#0"},
				"west": {"uv": [0, 8, 4, 12], "texture": "#0"},
				"up": {"uv": [0, 8, 4, 12], "texture": "#0"},
				"down": {"uv": [0, 8, 4, 12], "texture": "#0"}
			}
		},
		{
			"from": [-5, 13, 2],
			"to": [-4, 14, 3],
			"faces": {
				"north": {"uv": [0, 8, 4, 12], "texture": "#0"},
				"east": {"uv": [0, 8, 4, 12], "texture": "#0"},
				"south": {"uv": [0, 8, 4, 12], "texture": "#0"},
				"west": {"uv": [0, 8, 4, 12], "texture": "#0"},
				"up": {"uv": [0, 8, 4, 12], "texture": "#0"},
				"down": {"uv": [0, 8, 4, 12], "texture": "#0"}
			}
		},
		{
			"from": [-5, 16, -1],
			"to": [-4, 17, 0],
			"faces": {
				"north": {"uv": [4, 8, 8, 12], "texture": "#0"},
				"east": {"uv": [4, 8, 8, 12], "texture": "#0"},
				"south": {"uv": [4, 8, 8, 12], "texture": "#0"},
				"west": {"uv": [4, 8, 8, 12], "texture": "#0"},
				"up": {"uv": [4, 8, 8, 12], "texture": "#0"},
				"down": {"uv": [4, 8, 8, 12], "texture": "#0"}
			}
		},
		{
			"from": [-2, 16, -5],
			"to": [-1, 17, -4],
			"faces": {
				"north": {"uv": [0, 8, 4, 12], "texture": "#0"},
				"east": {"uv": [0, 8, 4, 12], "texture": "#0"},
				"south": {"uv": [0, 8, 4, 12], "texture": "#0"},
				"west": {"uv": [0, 8, 4, 12], "texture": "#0"},
				"up": {"uv": [0, 8, 4, 12], "texture": "#0"},
				"down": {"uv": [0, 8, 4, 12], "texture": "#0"}
			}
		},
		{
			"from": [2, 13, -5],
			"to": [3, 14, -4],
			"faces": {
				"north": {"uv": [0, 8, 4, 12], "texture": "#0"},
				"east": {"uv": [0, 8, 4, 12], "texture": "#0"},
				"south": {"uv": [0, 8, 4, 12], "texture": "#0"},
				"west": {"uv": [0, 8, 4, 12], "texture": "#0"},
				"up": {"uv": [0, 8, 4, 12], "texture": "#0"},
				"down": {"uv": [0, 8, 4, 12], "texture": "#0"}
			}
		},
		{
			"from": [2, 9, -7],
			"to": [3, 10, -6],
			"faces": {
				"north": {"uv": [4, 8, 8, 12], "texture": "#0"},
				"east": {"uv": [4, 8, 8, 12], "texture": "#0"},
				"south": {"uv": [4, 8, 8, 12], "texture": "#0"},
				"west": {"uv": [4, 8, 8, 12], "texture": "#0"},
				"up": {"uv": [4, 8, 8, 12], "texture": "#0"},
				"down": {"uv": [4, 8, 8, 12], "texture": "#0"}
			}
		},
		{
			"from": [5, 9, -3],
			"to": [6, 10, -2],
			"faces": {
				"north": {"uv": [0, 12, 4, 16], "texture": "#0"},
				"east": {"uv": [0, 12, 4, 16], "texture": "#0"},
				"south": {"uv": [0, 12, 4, 16], "texture": "#0"},
				"west": {"uv": [0, 12, 4, 16], "texture": "#0"},
				"up": {"uv": [0, 12, 4, 16], "texture": "#0"},
				"down": {"uv": [0, 12, 4, 16], "texture": "#0"}
			}
		},
		{
			"from": [5, 15, -1],
			"to": [6, 16, 0],
			"faces": {
				"north": {"uv": [0, 8, 4, 12], "texture": "#0"},
				"east": {"uv": [0, 8, 4, 12], "texture": "#0"},
				"south": {"uv": [0, 8, 4, 12], "texture": "#0"},
				"west": {"uv": [0, 8, 4, 12], "texture": "#0"},
				"up": {"uv": [0, 8, 4, 12], "texture": "#0"},
				"down": {"uv": [0, 8, 4, 12], "texture": "#0"}
			}
		},
		{
			"from": [4, 15, 3],
			"to": [5, 16, 4],
			"faces": {
				"north": {"uv": [0, 12, 4, 16], "texture": "#0"},
				"east": {"uv": [0, 12, 4, 16], "texture": "#0"},
				"south": {"uv": [0, 12, 4, 16], "texture": "#0"},
				"west": {"uv": [0, 12, 4, 16], "texture": "#0"},
				"up": {"uv": [0, 12, 4, 16], "texture": "#0"},
				"down": {"uv": [0, 12, 4, 16], "texture": "#0"}
			}
		},
		{
			"from": [6, 9, 1],
			"to": [7, 10, 2],
			"faces": {
				"north": {"uv": [0, 8, 4, 12], "texture": "#0"},
				"east": {"uv": [0, 8, 4, 12], "texture": "#0"},
				"south": {"uv": [0, 8, 4, 12], "texture": "#0"},
				"west": {"uv": [0, 8, 4, 12], "texture": "#0"},
				"up": {"uv": [0, 8, 4, 12], "texture": "#0"},
				"down": {"uv": [0, 8, 4, 12], "texture": "#0"}
			}
		},
		{
			"from": [7, 4, -3],
			"to": [8, 5, -2],
			"faces": {
				"north": {"uv": [4, 8, 8, 12], "texture": "#0"},
				"east": {"uv": [4, 8, 8, 12], "texture": "#0"},
				"south": {"uv": [4, 8, 8, 12], "texture": "#0"},
				"west": {"uv": [4, 8, 8, 12], "texture": "#0"},
				"up": {"uv": [4, 8, 8, 12], "texture": "#0"},
				"down": {"uv": [4, 8, 8, 12], "texture": "#0"}
			}
		},
		{
			"from": [5, 5, 5],
			"to": [6, 6, 6],
			"faces": {
				"north": {"uv": [4, 8, 8, 12], "texture": "#0"},
				"east": {"uv": [4, 8, 8, 12], "texture": "#0"},
				"south": {"uv": [4, 8, 8, 12], "texture": "#0"},
				"west": {"uv": [4, 8, 8, 12], "texture": "#0"},
				"up": {"uv": [4, 8, 8, 12], "texture": "#0"},
				"down": {"uv": [4, 8, 8, 12], "texture": "#0"}
			}
		},
		{
			"from": [2, 10, 5],
			"to": [3, 11, 6],
			"faces": {
				"north": {"uv": [0, 8, 4, 12], "texture": "#0"},
				"east": {"uv": [0, 8, 4, 12], "texture": "#0"},
				"south": {"uv": [0, 8, 4, 12], "texture": "#0"},
				"west": {"uv": [0, 8, 4, 12], "texture": "#0"},
				"up": {"uv": [0, 8, 4, 12], "texture": "#0"},
				"down": {"uv": [0, 8, 4, 12], "texture": "#0"}
			}
		},
		{
			"from": [2, 16, 4],
			"to": [3, 17, 5],
			"faces": {
				"north": {"uv": [4, 8, 8, 12], "texture": "#0"},
				"east": {"uv": [4, 8, 8, 12], "texture": "#0"},
				"south": {"uv": [4, 8, 8, 12], "texture": "#0"},
				"west": {"uv": [4, 8, 8, 12], "texture": "#0"},
				"up": {"uv": [4, 8, 8, 12], "texture": "#0"},
				"down": {"uv": [4, 8, 8, 12], "texture": "#0"}
			}
		},
		{
			"from": [-2, 16, 4],
			"to": [-1, 17, 5],
			"faces": {
				"north": {"uv": [0, 8, 4, 12], "texture": "#0"},
				"east": {"uv": [0, 8, 4, 12], "texture": "#0"},
				"south": {"uv": [0, 8, 4, 12], "texture": "#0"},
				"west": {"uv": [0, 8, 4, 12], "texture": "#0"},
				"up": {"uv": [0, 8, 4, 12], "texture": "#0"},
				"down": {"uv": [0, 8, 4, 12], "texture": "#0"}
			}
		},
		{
			"from": [-0.5, 21, 4],
			"to": [0.5, 22, 5],
			"faces": {
				"north": {"uv": [4, 8, 8, 12], "texture": "#0"},
				"east": {"uv": [4, 8, 8, 12], "texture": "#0"},
				"south": {"uv": [4, 8, 8, 12], "texture": "#0"},
				"west": {"uv": [4, 8, 8, 12], "texture": "#0"},
				"up": {"uv": [4, 8, 8, 12], "texture": "#0"},
				"down": {"uv": [4, 8, 8, 12], "texture": "#0"}
			}
		},
		{
			"from": [-0.5, 25, 1],
			"to": [0.5, 26, 2],
			"faces": {
				"north": {"uv": [0, 12, 4, 16], "texture": "#0"},
				"east": {"uv": [0, 12, 4, 16], "texture": "#0"},
				"south": {"uv": [0, 12, 4, 16], "texture": "#0"},
				"west": {"uv": [0, 12, 4, 16], "texture": "#0"},
				"up": {"uv": [0, 12, 4, 16], "texture": "#0"},
				"down": {"uv": [0, 12, 4, 16], "texture": "#0"}
			}
		},
		{
			"from": [1.5, 24, -0.5],
			"to": [2.5, 25, 0.5],
			"faces": {
				"north": {"uv": [4, 8, 8, 12], "texture": "#0"},
				"east": {"uv": [4, 8, 8, 12], "texture": "#0"},
				"south": {"uv": [4, 8, 8, 12], "texture": "#0"},
				"west": {"uv": [4, 8, 8, 12], "texture": "#0"},
				"up": {"uv": [4, 8, 8, 12], "texture": "#0"},
				"down": {"uv": [4, 8, 8, 12], "texture": "#0"}
			}
		},
		{
			"from": [-2.5, 24, -0.5],
			"to": [-1.5, 25, 0.5],
			"faces": {
				"north": {"uv": [0, 8, 4, 12], "texture": "#0"},
				"east": {"uv": [0, 8, 4, 12], "texture": "#0"},
				"south": {"uv": [0, 8, 4, 12], "texture": "#0"},
				"west": {"uv": [0, 8, 4, 12], "texture": "#0"},
				"up": {"uv": [0, 8, 4, 12], "texture": "#0"},
				"down": {"uv": [0, 8, 4, 12], "texture": "#0"}
			}
		},
		{
			"from": [-0.5, 24, -2],
			"to": [0.5, 25, -1],
			"faces": {
				"north": {"uv": [0, 12, 4, 16], "texture": "#0"},
				"east": {"uv": [0, 12, 4, 16], "texture": "#0"},
				"south": {"uv": [0, 12, 4, 16], "texture": "#0"},
				"west": {"uv": [0, 12, 4, 16], "texture": "#0"},
				"up": {"uv": [0, 12, 4, 16], "texture": "#0"},
				"down": {"uv": [0, 12, 4, 16], "texture": "#0"}
			}
		},
		{
			"from": [-0.5, 20, -5],
			"to": [0.5, 21, -4],
			"faces": {
				"north": {"uv": [4, 8, 8, 12], "texture": "#0"},
				"east": {"uv": [4, 8, 8, 12], "texture": "#0"},
				"south": {"uv": [4, 8, 8, 12], "texture": "#0"},
				"west": {"uv": [4, 8, 8, 12], "texture": "#0"},
				"up": {"uv": [4, 8, 8, 12], "texture": "#0"},
				"down": {"uv": [4, 8, 8, 12], "texture": "#0"}
			}
		},
		{
			"from": [-2.5, 18, -3],
			"to": [-1.5, 19, -2],
			"faces": {
				"north": {"uv": [0, 8, 4, 12], "texture": "#0"},
				"east": {"uv": [0, 8, 4, 12], "texture": "#0"},
				"south": {"uv": [0, 8, 4, 12], "texture": "#0"},
				"west": {"uv": [0, 8, 4, 12], "texture": "#0"},
				"up": {"uv": [0, 8, 4, 12], "texture": "#0"},
				"down": {"uv": [0, 8, 4, 12], "texture": "#0"}
			}
		},
		{
			"from": [-2.5, 20, 1],
			"to": [-1.5, 21, 2],
			"faces": {
				"north": {"uv": [4, 8, 8, 12], "texture": "#0"},
				"east": {"uv": [4, 8, 8, 12], "texture": "#0"},
				"south": {"uv": [4, 8, 8, 12], "texture": "#0"},
				"west": {"uv": [4, 8, 8, 12], "texture": "#0"},
				"up": {"uv": [4, 8, 8, 12], "texture": "#0"},
				"down": {"uv": [4, 8, 8, 12], "texture": "#0"}
			}
		},
		{
			"from": [-3, 9, 4],
			"to": [-2, 10, 5],
			"faces": {
				"north": {"uv": [0, 12, 4, 16], "texture": "#0"},
				"east": {"uv": [0, 12, 4, 16], "texture": "#0"},
				"south": {"uv": [0, 12, 4, 16], "texture": "#0"},
				"west": {"uv": [0, 12, 4, 16], "texture": "#0"},
				"up": {"uv": [0, 12, 4, 16], "texture": "#0"},
				"down": {"uv": [0, 12, 4, 16], "texture": "#0"}
			}
		},
		{
			"from": [-3, 6, 7],
			"to": [-2, 7, 8],
			"faces": {
				"north": {"uv": [4, 8, 8, 12], "texture": "#0"},
				"east": {"uv": [4, 8, 8, 12], "texture": "#0"},
				"south": {"uv": [4, 8, 8, 12], "texture": "#0"},
				"west": {"uv": [4, 8, 8, 12], "texture": "#0"},
				"up": {"uv": [4, 8, 8, 12], "texture": "#0"},
				"down": {"uv": [4, 8, 8, 12], "texture": "#0"}
			}
		},
		{
			"from": [1, 4, 7],
			"to": [2, 5, 8],
			"faces": {
				"north": {"uv": [0, 8, 4, 12], "texture": "#0"},
				"east": {"uv": [0, 8, 4, 12], "texture": "#0"},
				"south": {"uv": [0, 8, 4, 12], "texture": "#0"},
				"west": {"uv": [0, 8, 4, 12], "texture": "#0"},
				"up": {"uv": [0, 8, 4, 12], "texture": "#0"},
				"down": {"uv": [0, 8, 4, 12], "texture": "#0"}
			}
		},
		{
			"from": [7, 5, 1],
			"to": [8, 6, 2],
			"faces": {
				"north": {"uv": [0, 8, 4, 12], "texture": "#0"},
				"east": {"uv": [0, 8, 4, 12], "texture": "#0"},
				"south": {"uv": [0, 8, 4, 12], "texture": "#0"},
				"west": {"uv": [0, 8, 4, 12], "texture": "#0"},
				"up": {"uv": [0, 8, 4, 12], "texture": "#0"},
				"down": {"uv": [0, 8, 4, 12], "texture": "#0"}
			}
		},
		{
			"from": [-1, 13, -8],
			"to": [0, 14, -7],
			"faces": {
				"north": {"uv": [4, 8, 8, 12], "texture": "#0"},
				"east": {"uv": [4, 8, 8, 12], "texture": "#0"},
				"south": {"uv": [4, 8, 8, 12], "texture": "#0"},
				"west": {"uv": [4, 8, 8, 12], "texture": "#0"},
				"up": {"uv": [4, 8, 8, 12], "texture": "#0"},
				"down": {"uv": [4, 8, 8, 12], "texture": "#0"}
			}
		},
		{
			"from": [4, 21, -0.5],
			"to": [5, 22, 0.5],
			"faces": {
				"north": {"uv": [4, 8, 8, 12], "texture": "#0"},
				"east": {"uv": [4, 8, 8, 12], "texture": "#0"},
				"south": {"uv": [4, 8, 8, 12], "texture": "#0"},
				"west": {"uv": [4, 8, 8, 12], "texture": "#0"},
				"up": {"uv": [4, 8, 8, 12], "texture": "#0"},
				"down": {"uv": [4, 8, 8, 12], "texture": "#0"}
			}
		},
		{
			"from": [-1, 27, -1],
			"to": [1, 27.5, 1],
			"faces": {
				"north": {"uv": [0.5, 12.5, 2.5, 13], "texture": "#0"},
				"east": {"uv": [0.5, 12.5, 2.5, 13], "texture": "#0"},
				"south": {"uv": [0.5, 12.5, 2.5, 13], "texture": "#0"},
				"west": {"uv": [0.5, 12.5, 2.5, 13], "texture": "#0"},
				"up": {"uv": [0.5, 13, 2.5, 15], "texture": "#0"},
				"down": {"uv": [0.5, 13, 2.5, 15], "texture": "#0"}
			}
		},
		{
			"from": [-0.5, 27.5, -0.5],
			"to": [0.5, 32, 0.5],
			"faces": {
				"north": {"uv": [0.5, 12.5, 1.5, 16], "texture": "#0"},
				"east": {"uv": [0.5, 12.5, 1.5, 16], "texture": "#0"},
				"south": {"uv": [0.5, 12.5, 1.5, 16], "texture": "#0"},
				"west": {"uv": [0.5, 12.5, 1.5, 16], "texture": "#0"},
				"up": {"uv": [1, 12.5, 2, 13.5], "texture": "#0"},
				"down": {"uv": [0.5, 12.5, 1.5, 16], "texture": "#0"}
			}
		},
		{
			"from": [-0.5, 27.5, -0.5],
			"to": [0.5, 32, 0.5],
			"rotation": {"angle": 45, "axis": "x", "origin": [0, 29.75, 0]},
			"faces": {
				"north": {"uv": [0.5, 12.5, 1.5, 16], "texture": "#0"},
				"east": {"uv": [0.5, 12.5, 1.5, 16], "texture": "#0"},
				"south": {"uv": [0.5, 12.5, 1.5, 16], "texture": "#0"},
				"west": {"uv": [0.5, 12.5, 1.5, 16], "rotation": 180, "texture": "#0"},
				"up": {"uv": [1, 12.5, 2, 13.5], "texture": "#0"},
				"down": {"uv": [0.5, 12.5, 1.5, 16], "texture": "#0"}
			}
		},
		{
			"from": [-0.5, 27.5, -0.5],
			"to": [0.5, 32, 0.5],
			"rotation": {"angle": -45, "axis": "x", "origin": [0, 29.75, 0]},
			"faces": {
				"north": {"uv": [0.5, 12.5, 1.5, 16], "rotation": 180, "texture": "#0"},
				"east": {"uv": [0.5, 12.5, 1.5, 16], "texture": "#0"},
				"south": {"uv": [0.5, 12.5, 1.5, 16], "texture": "#0"},
				"west": {"uv": [0.5, 12.5, 1.5, 16], "rotation": 180, "texture": "#0"},
				"up": {"uv": [1, 12.5, 2, 13.5], "texture": "#0"},
				"down": {"uv": [0.5, 12.5, 1.5, 16], "texture": "#0"}
			}
		},
		{
			"from": [-0.5, 29.25, -2.5],
			"to": [0.5, 30.25, 2.5],
			"faces": {
				"north": {"uv": [0.5, 12.5, 1.5, 16], "texture": "#0"},
				"east": {"uv": [0.5, 14.5, 3, 15.5], "rotation": 90, "texture": "#0"},
				"south": {"uv": [0.5, 12.5, 1.5, 16], "texture": "#0"},
				"west": {"uv": [1.5, 12, 2.5, 15.5], "rotation": 270, "texture": "#0"},
				"up": {"uv": [1, 12.5, 2, 13.5], "texture": "#0"},
				"down": {"uv": [0.5, 12.5, 1.5, 16], "texture": "#0"}
			}
		},
		{
			"from": [-1.75, -0.1, -2],
			"to": [1.75, 1, 1.75],
			"faces": {
				"north": {"uv": [1, 8, 1.5, 8.5], "texture": "#0"},
				"east": {"uv": [1, 8, 1.5, 8.5], "texture": "#0"},
				"south": {"uv": [1, 8, 1.5, 8.5], "texture": "#0"},
				"west": {"uv": [1, 8, 1.5, 8.5], "texture": "#0"},
				"up": {"uv": [1, 8, 1.5, 8.5], "texture": "#0"},
				"down": {"uv": [1, 8, 1.5, 8.5], "texture": "#0"}
			}
		},
		{
			"from": [-2.75, -0.1, -3],
			"to": [2.75, 0.25, 2.75],
			"faces": {
				"north": {"uv": [1, 8, 1.5, 8.5], "texture": "#0"},
				"east": {"uv": [1, 8, 1.5, 8.5], "texture": "#0"},
				"south": {"uv": [1, 8, 1.5, 8.5], "texture": "#0"},
				"west": {"uv": [1, 8, 1.5, 8.5], "texture": "#0"},
				"up": {"uv": [1, 8, 1.5, 8.5], "texture": "#0"},
				"down": {"uv": [1, 8, 1.5, 8.5], "texture": "#0"}
			}
		}
	],
	"display": {
		"thirdperson_righthand": {
			"scale": [0.3, 0.3, 0.3],
			"translation": [2.5, 0, 2],
			"rotation": [42, 0, 0]
		},
		"thirdperson_lefthand": {
			"rotation": [42, 0, 0],
			"translation": [-2, 0, 2],
			"scale": [0.3, 0.3, 0.3]
		},
		"firstperson_righthand": {
			"rotation": [0, 0, 0],
			"scale": [0.2, 0.2, 0.2],
			"translation": [2, 2.5, 4]
		},
		"firstperson_lefthand": {
			"translation": [-1, 2.5, 4],
			"scale": [0.2, 0.2, 0.2]
		},
		"ground": {
			"rotation": [90, 0, 0],
			"scale": [0.5, 0.5, 0.5],
			"translation": [4.5, -7.5, -2.5]
		},
		"fixed": {
			"scale": [0.6, 0.6, 0.6],
			"translation": [-4, -5, 4],
			"rotation": [0, -90, 0]
		},
		"gui": {
			"rotation": [30, 225, 0],
			"scale": [0.5, 0.5, 0.5],
			"translation": [-5.5, -3.5, 0]
		},
		"head": {
			"scale": [1.3, 1.3, 1.3],
			"translation": [10.5, -25, 10.5]
		}
	},
	"groups": [
		{
			"name": "logs",
			"children": [0, 1, 2, 3, 4, 5, 6, 7]
		},
		{
			"name": "leaves",
			"children": [8, 9, 10, 11, 12, 13, 14, 15, 16, 17, 18, 19, 20, 21, 22, 23, 24, 25, 26, 27, 28, 29, 30, 31, 32, 33, 34, 35, 36, 37, 38, 39, 40, 41, 42, 43, 44, 45, 46, 47, 48, 49, 50, 51, 52, 53, 54, 55, 56, 57, 58, 59, 60, 61, 62, 63, 64, 65, 66, 67, 68, 69, 70, 71, 72, 73, 74, 75, 76, 77, 78, 79, 80, 81, 82, 83, 84, 85, 86, 87, 88]
		},
		{
			"name": "ordiment",
			"children": [89, 90, 91, 92, 93, 94, 95, 96, 97, 98, 99, 100, 101, 102, 103, 104, 105, 106, 107, 108, 109, 110, 111, 112, 113, 114, 115, 116, 117, 118, 119, 120, 121, 122, 123, 124, 125]
		},
		{
			"name": "star",
			"children": [126, 127, 128, 129, 130]
		}, 131, 132]
}