{
	"credit": "Made by BronGhast014 with Blockbench",
	"textures": {
		"0": "christmas/tray",
		"particle": "christmas/tray"
	},
	"gui_light": "front",
	"elements": [
		{
			"name": "base",
			"from": [1, 0, 3],
			"to": [15, 1, 13],
			"faces": {
				"north": {"uv": [0, 0, 14, 1], "texture": "#0"},
				"east": {"uv": [0, 0, 10, 1], "texture": "#0"},
				"south": {"uv": [0, 0, 14, 1], "texture": "#0"},
				"west": {"uv": [0, 0, 10, 1], "texture": "#0"},
				"up": {"uv": [1, 3, 15, 13], "texture": "#0"},
				"down": {"uv": [1, 3, 15, 13], "texture": "#0"}
			}
		},
		{
			"name": "rim",
			"from": [1, 0.5, 13],
			"to": [15, 1.5, 14],
			"faces": {
				"north": {"uv": [0, 0, 14, 1], "texture": "#0"},
				"east": {"uv": [0, 0, 1, 1], "texture": "#0"},
				"south": {"uv": [0, 0, 14, 1], "texture": "#0"},
				"west": {"uv": [0, 0, 1, 1], "texture": "#0"},
				"up": {"uv": [0, 0, 14, 1], "texture": "#0"},
				"down": {"uv": [0, 0, 14, 1], "texture": "#0"}
			}
		},
		{
			"name": "rim",
			"from": [1, 0.5, 2],
			"to": [15, 1.5, 3],
			"faces": {
				"north": {"uv": [0, 0, 14, 1], "texture": "#0"},
				"east": {"uv": [0, 0, 1, 1], "texture": "#0"},
				"south": {"uv": [0, 0, 14, 1], "texture": "#0"},
				"west": {"uv": [0, 0, 1, 1], "texture": "#0"},
				"up": {"uv": [0, 0, 14, 1], "texture": "#0"},
				"down": {"uv": [0, 0, 14, 1], "texture": "#0"}
			}
		},
		{
			"name": "rim",
			"from": [0, 0.5, 3],
			"to": [1, 1.5, 13],
			"faces": {
				"north": {"uv": [0, 0, 1, 1], "texture": "#0"},
				"east": {"uv": [0, 0, 10, 1], "texture": "#0"},
				"south": {"uv": [0, 0, 1, 1], "texture": "#0"},
				"west": {"uv": [0, 0, 10, 1], "texture": "#0"},
				"up": {"uv": [0, 0, 1, 10], "texture": "#0"},
				"down": {"uv": [0, 0, 1, 10], "texture": "#0"}
			}
		},
		{
			"name": "rim",
			"from": [15, 0.5, 3],
			"to": [16, 1.5, 13],
			"faces": {
				"north": {"uv": [0, 0, 1, 1], "texture": "#0"},
				"east": {"uv": [0, 0, 10, 1], "texture": "#0"},
				"south": {"uv": [0, 0, 1, 1], "texture": "#0"},
				"west": {"uv": [0, 0, 10, 1], "texture": "#0"},
				"up": {"uv": [0, 0, 1, 10], "texture": "#0"},
				"down": {"uv": [0, 0, 1, 10], "texture": "#0"}
			}
		}
	],
	"display": {
		"thirdperson_righthand": {
			"rotation": [70, 0, 0],
			"translation": [-6, 5.5, 5]
		},
		"thirdperson_lefthand": {
			"rotation": [70, 0, 0],
			"translation": [-6, 5.5, 5]
		},
		"firstperson_righthand": {
			"scale": [1.5, 1.5, 1.5],
			"translation": [-9, 11, 1]
		},
		"firstperson_lefthand": {
			"scale": [1.5, 1.5, 1.5],
			"translation": [-9, 11, 1]
		},
		"ground": {
			"translation": [0, 3.5, 0]
		},
		"fixed": {
			"rotation": [-90, 0, 0],
			"translation": [0, 0, -7.5]
		},
		"gui": {
			"scale": [0.8, 0.8, 0.8],
			"rotation": [30, 225, 0],
			"translation": [0, 4, 0]
		},
		"head": {
			"scale": [1.5, 1.5, 1.5],
			"translation": [0, -24, 0]
		}
	}
}
