{
	"credit": "Made By BronGhast014 with Blockbench",
	"textures": {
		"1": "christmas/christmas_wreath",
		"particle": "christmas/christmas_wreath"
	},
	"gui_light": "front",
	"elements": [
		{
			"from": [8, 0, 8],
			"to": [10, 2, 9],
			"faces": {
				"north": {"uv": [8.5, 5.5, 10.5, 7.5], "texture": "#1"},
				"east": {"uv": [10, 5.5, 11, 7.5], "texture": "#1"},
				"south": {"uv": [8.5, 5.5, 10.5, 7.5], "texture": "#1"},
				"west": {"uv": [8.5, 5.5, 9.5, 7.5], "texture": "#1"},
				"up": {"uv": [8.5, 6.5, 10.5, 7.5], "texture": "#1"},
				"down": {"uv": [8.5, 5.5, 10.5, 6.5], "texture": "#1"}
			}
		},
		{
			"from": [10, 1, 8],
			"to": [12, 3, 9],
			"faces": {
				"north": {"uv": [8.5, 5.5, 10.5, 7.5], "texture": "#1"},
				"east": {"uv": [10, 5.5, 11, 7.5], "texture": "#1"},
				"south": {"uv": [8.5, 5.5, 10.5, 7.5], "texture": "#1"},
				"west": {"uv": [8.5, 5.5, 9.5, 7.5], "texture": "#1"},
				"up": {"uv": [8.5, 6.5, 10.5, 7.5], "texture": "#1"},
				"down": {"uv": [8.5, 5.5, 10.5, 6.5], "texture": "#1"}
			}
		},
		{
			"from": [11, 2, 8],
			"to": [13, 4, 9],
			"faces": {
				"north": {"uv": [8.5, 5.5, 10.5, 7.5], "texture": "#1"},
				"east": {"uv": [10, 5.5, 11, 7.5], "texture": "#1"},
				"south": {"uv": [8.5, 5.5, 10.5, 7.5], "texture": "#1"},
				"west": {"uv": [8.5, 5.5, 9.5, 7.5], "texture": "#1"},
				"up": {"uv": [8.5, 6.5, 10.5, 7.5], "texture": "#1"},
				"down": {"uv": [8.5, 5.5, 10.5, 6.5], "texture": "#1"}
			}
		},
		{
			"from": [12, 3, 8],
			"to": [14, 5, 9],
			"faces": {
				"north": {"uv": [8.5, 5.5, 10.5, 7.5], "texture": "#1"},
				"east": {"uv": [10, 5.5, 11, 7.5], "texture": "#1"},
				"south": {"uv": [8.5, 5.5, 10.5, 7.5], "texture": "#1"},
				"west": {"uv": [8.5, 5.5, 9.5, 7.5], "texture": "#1"},
				"up": {"uv": [8.5, 6.5, 10.5, 7.5], "texture": "#1"},
				"down": {"uv": [8.5, 5.5, 10.5, 6.5], "texture": "#1"}
			}
		},
		{
			"from": [13, 5, 8],
			"to": [15, 7, 9],
			"faces": {
				"north": {"uv": [8.5, 5.5, 10.5, 7.5], "texture": "#1"},
				"east": {"uv": [10, 5.5, 11, 7.5], "texture": "#1"},
				"south": {"uv": [8.5, 5.5, 10.5, 7.5], "texture": "#1"},
				"west": {"uv": [8.5, 5.5, 9.5, 7.5], "texture": "#1"},
				"up": {"uv": [8.5, 6.5, 10.5, 7.5], "texture": "#1"},
				"down": {"uv": [8.5, 5.5, 10.5, 6.5], "texture": "#1"}
			}
		},
		{
			"from": [8, 0.25, 7],
			"to": [10, 1.75, 8],
			"faces": {
				"north": {"uv": [9.5, 5.5, 11.5, 7.5], "texture": "#1"},
				"east": {"uv": [8.5, 11, 9.5, 13], "texture": "#1"},
				"south": {"uv": [8.5, 5.5, 10.5, 7.5], "texture": "#1"},
				"west": {"uv": [8.5, 5.5, 9.5, 7.5], "texture": "#1"},
				"up": {"uv": [8.5, 6.5, 10.5, 7.5], "texture": "#1"},
				"down": {"uv": [8.5, 5.5, 10.5, 6.5], "texture": "#1"}
			}
		},
		{
			"from": [10, 1.25, 7],
			"to": [11.75, 3, 8],
			"faces": {
				"north": {"uv": [8.5, 5.5, 10.5, 7.5], "texture": "#1"},
				"east": {"uv": [8.5, 11, 9.5, 13], "texture": "#1"},
				"south": {"uv": [8.5, 5.5, 10.5, 7.5], "texture": "#1"},
				"west": {"uv": [8.5, 5.5, 9.5, 7.5], "texture": "#1"},
				"up": {"uv": [8.5, 6.5, 10.5, 7.5], "texture": "#1"},
				"down": {"uv": [8.5, 5.5, 10.5, 6.5], "texture": "#1"}
			}
		},
		{
			"from": [11.25, 2.25, 7],
			"to": [12.75, 3.75, 8],
			"faces": {
				"north": {"uv": [8.5, 5.5, 10.5, 7.5], "texture": "#1"},
				"east": {"uv": [8.5, 11, 9.5, 13], "texture": "#1"},
				"south": {"uv": [8.5, 5.5, 10.5, 7.5], "texture": "#1"},
				"west": {"uv": [8.5, 5.5, 9.5, 7.5], "texture": "#1"},
				"up": {"uv": [8.5, 6.5, 10.5, 7.5], "texture": "#1"},
				"down": {"uv": [8.5, 5.5, 10.5, 6.5], "texture": "#1"}
			}
		},
		{
			"from": [12, 3.25, 7],
			"to": [13.75, 5, 8],
			"faces": {
				"north": {"uv": [8.5, 5.5, 10.5, 7.5], "texture": "#1"},
				"east": {"uv": [8.5, 11, 9.5, 13], "texture": "#1"},
				"south": {"uv": [8.5, 5.5, 10.5, 7.5], "texture": "#1"},
				"west": {"uv": [8.5, 5.5, 9.5, 7.5], "texture": "#1"},
				"up": {"uv": [8.5, 6.5, 10.5, 7.5], "texture": "#1"},
				"down": {"uv": [8.5, 5.5, 10.5, 6.5], "texture": "#1"}
			}
		},
		{
			"from": [13.25, 5, 7],
			"to": [14.75, 7, 8],
			"faces": {
				"north": {"uv": [8.5, 5.5, 10.5, 7.5], "texture": "#1"},
				"east": {"uv": [8.5, 11, 9.5, 13], "texture": "#1"},
				"south": {"uv": [8.5, 5.5, 10.5, 7.5], "texture": "#1"},
				"west": {"uv": [8.5, 5.5, 9.5, 7.5], "texture": "#1"},
				"up": {"uv": [8.5, 6.5, 10.5, 7.5], "texture": "#1"},
				"down": {"uv": [8.5, 5.5, 10.5, 6.5], "texture": "#1"}
			}
		},
		{
			"from": [8, 0.25, 9],
			"to": [10, 1.75, 10],
			"faces": {
				"north": {"uv": [8.5, 5.5, 10.5, 7.5], "texture": "#1"},
				"east": {"uv": [9.5, 5, 10.5, 7], "texture": "#1"},
				"south": {"uv": [8.5, 5.5, 10.5, 7.5], "texture": "#1"},
				"west": {"uv": [8.5, 5.5, 9.5, 7.5], "texture": "#1"},
				"up": {"uv": [8.5, 6.5, 10.5, 7.5], "texture": "#1"},
				"down": {"uv": [8.5, 5.5, 10.5, 6.5], "texture": "#1"}
			}
		},
		{
			"from": [10, 1.25, 9],
			"to": [11.75, 3, 10],
			"faces": {
				"north": {"uv": [8.5, 5.5, 10.5, 7.5], "texture": "#1"},
				"east": {"uv": [9.5, 5, 10.5, 7], "texture": "#1"},
				"south": {"uv": [8.5, 5.5, 10.5, 7.5], "texture": "#1"},
				"west": {"uv": [8.5, 5.5, 9.5, 7.5], "texture": "#1"},
				"up": {"uv": [8.5, 6.5, 10.5, 7.5], "texture": "#1"},
				"down": {"uv": [8.5, 5.5, 10.5, 6.5], "texture": "#1"}
			}
		},
		{
			"from": [11.25, 2.25, 9],
			"to": [12.75, 3.75, 10],
			"faces": {
				"north": {"uv": [8.5, 5.5, 10.5, 7.5], "texture": "#1"},
				"east": {"uv": [9.5, 5, 10.5, 7], "texture": "#1"},
				"south": {"uv": [8.5, 5.5, 10.5, 7.5], "texture": "#1"},
				"west": {"uv": [8.5, 5.5, 9.5, 7.5], "texture": "#1"},
				"up": {"uv": [8.5, 6.5, 10.5, 7.5], "texture": "#1"},
				"down": {"uv": [8.5, 5.5, 10.5, 6.5], "texture": "#1"}
			}
		},
		{
			"from": [12, 3.25, 9],
			"to": [13.75, 5, 10],
			"faces": {
				"north": {"uv": [8.5, 5.5, 10.5, 7.5], "texture": "#1"},
				"east": {"uv": [9.5, 5, 10.5, 7], "texture": "#1"},
				"south": {"uv": [8.5, 5.5, 10.5, 7.5], "texture": "#1"},
				"west": {"uv": [8.5, 5.5, 9.5, 7.5], "texture": "#1"},
				"up": {"uv": [8.5, 6.5, 10.5, 7.5], "texture": "#1"},
				"down": {"uv": [8.5, 5.5, 10.5, 6.5], "texture": "#1"}
			}
		},
		{
			"from": [13.25, 5, 9],
			"to": [14.75, 7, 10],
			"faces": {
				"north": {"uv": [8.5, 5.5, 10.5, 7.5], "texture": "#1"},
				"east": {"uv": [9.5, 5, 10.5, 7], "texture": "#1"},
				"south": {"uv": [8.5, 5.5, 10.5, 7.5], "texture": "#1"},
				"west": {"uv": [8.5, 5.5, 9.5, 7.5], "texture": "#1"},
				"up": {"uv": [8.5, 6.5, 10.5, 7.5], "texture": "#1"},
				"down": {"uv": [8.5, 5.5, 10.5, 6.5], "texture": "#1"}
			}
		},
		{
			"from": [8, 0, 8],
			"to": [10, 2, 9],
			"faces": {
				"north": {"uv": [8.5, 5.5, 10.5, 7.5], "texture": "#1"},
				"east": {"uv": [10, 5.5, 11, 7.5], "texture": "#1"},
				"south": {"uv": [8.5, 5.5, 10.5, 7.5], "texture": "#1"},
				"west": {"uv": [8.5, 5.5, 9.5, 7.5], "texture": "#1"},
				"up": {"uv": [8.5, 6.5, 10.5, 7.5], "texture": "#1"},
				"down": {"uv": [8.5, 5.5, 10.5, 6.5], "texture": "#1"}
			}
		},
		{
			"from": [10, 1, 8],
			"to": [12, 3, 9],
			"faces": {
				"north": {"uv": [8.5, 5.5, 10.5, 7.5], "texture": "#1"},
				"east": {"uv": [10, 5.5, 11, 7.5], "texture": "#1"},
				"south": {"uv": [8.5, 5.5, 10.5, 7.5], "texture": "#1"},
				"west": {"uv": [8.5, 5.5, 9.5, 7.5], "texture": "#1"},
				"up": {"uv": [8.5, 6.5, 10.5, 7.5], "texture": "#1"},
				"down": {"uv": [8.5, 5.5, 10.5, 6.5], "texture": "#1"}
			}
		},
		{
			"from": [11, 2, 8],
			"to": [13, 4, 9],
			"faces": {
				"north": {"uv": [8.5, 5.5, 10.5, 7.5], "texture": "#1"},
				"east": {"uv": [10, 5.5, 11, 7.5], "texture": "#1"},
				"south": {"uv": [8.5, 5.5, 10.5, 7.5], "texture": "#1"},
				"west": {"uv": [8.5, 5.5, 9.5, 7.5], "texture": "#1"},
				"up": {"uv": [8.5, 6.5, 10.5, 7.5], "texture": "#1"},
				"down": {"uv": [8.5, 5.5, 10.5, 6.5], "texture": "#1"}
			}
		},
		{
			"from": [12, 3, 8],
			"to": [14, 5, 9],
			"faces": {
				"north": {"uv": [8.5, 5.5, 10.5, 7.5], "texture": "#1"},
				"east": {"uv": [10, 5.5, 11, 7.5], "texture": "#1"},
				"south": {"uv": [8.5, 5.5, 10.5, 7.5], "texture": "#1"},
				"west": {"uv": [8.5, 5.5, 9.5, 7.5], "texture": "#1"},
				"up": {"uv": [8.5, 6.5, 10.5, 7.5], "texture": "#1"},
				"down": {"uv": [8.5, 5.5, 10.5, 6.5], "texture": "#1"}
			}
		},
		{
			"from": [13, 5, 8],
			"to": [15, 7, 9],
			"faces": {
				"north": {"uv": [8.5, 5.5, 10.5, 7.5], "texture": "#1"},
				"east": {"uv": [10, 5.5, 11, 7.5], "texture": "#1"},
				"south": {"uv": [8.5, 5.5, 10.5, 7.5], "texture": "#1"},
				"west": {"uv": [8.5, 5.5, 9.5, 7.5], "texture": "#1"},
				"up": {"uv": [8.5, 6.5, 10.5, 7.5], "texture": "#1"},
				"down": {"uv": [8.5, 5.5, 10.5, 6.5], "texture": "#1"}
			}
		},
		{
			"from": [8, 0.25, 7],
			"to": [10, 1.75, 8],
			"faces": {
				"north": {"uv": [8.5, 5.5, 10.5, 7.5], "texture": "#1"},
				"east": {"uv": [8.5, 11, 9.5, 13], "texture": "#1"},
				"south": {"uv": [8.5, 5.5, 10.5, 7.5], "texture": "#1"},
				"west": {"uv": [8.5, 5.5, 9.5, 7.5], "texture": "#1"},
				"up": {"uv": [8.5, 6.5, 10.5, 7.5], "texture": "#1"},
				"down": {"uv": [8.5, 5.5, 10.5, 6.5], "texture": "#1"}
			}
		},
		{
			"from": [10, 1.25, 7],
			"to": [11.75, 3, 8],
			"faces": {
				"north": {"uv": [8.5, 5.5, 10.5, 7.5], "texture": "#1"},
				"east": {"uv": [8.5, 11, 9.5, 13], "texture": "#1"},
				"south": {"uv": [8.5, 5.5, 10.5, 7.5], "texture": "#1"},
				"west": {"uv": [8.5, 5.5, 9.5, 7.5], "texture": "#1"},
				"up": {"uv": [8.5, 6.5, 10.5, 7.5], "texture": "#1"},
				"down": {"uv": [8.5, 5.5, 10.5, 6.5], "texture": "#1"}
			}
		},
		{
			"from": [11.25, 2.25, 7],
			"to": [12.75, 3.75, 8],
			"faces": {
				"north": {"uv": [8.5, 5.5, 10.5, 7.5], "texture": "#1"},
				"east": {"uv": [8.5, 11, 9.5, 13], "texture": "#1"},
				"south": {"uv": [8.5, 5.5, 10.5, 7.5], "texture": "#1"},
				"west": {"uv": [8.5, 5.5, 9.5, 7.5], "texture": "#1"},
				"up": {"uv": [8.5, 6.5, 10.5, 7.5], "texture": "#1"},
				"down": {"uv": [8.5, 5.5, 10.5, 6.5], "texture": "#1"}
			}
		},
		{
			"from": [12, 3.25, 7],
			"to": [13.75, 5, 8],
			"faces": {
				"north": {"uv": [8.5, 5.5, 10.5, 7.5], "texture": "#1"},
				"east": {"uv": [8.5, 11, 9.5, 13], "texture": "#1"},
				"south": {"uv": [8.5, 5.5, 10.5, 7.5], "texture": "#1"},
				"west": {"uv": [8.5, 5.5, 9.5, 7.5], "texture": "#1"},
				"up": {"uv": [8.5, 6.5, 10.5, 7.5], "texture": "#1"},
				"down": {"uv": [8.5, 5.5, 10.5, 6.5], "texture": "#1"}
			}
		},
		{
			"from": [13.25, 5, 7],
			"to": [14.75, 7, 8],
			"faces": {
				"north": {"uv": [8.5, 5.5, 10.5, 7.5], "texture": "#1"},
				"east": {"uv": [8.5, 11, 9.5, 13], "texture": "#1"},
				"south": {"uv": [8.5, 5.5, 10.5, 7.5], "texture": "#1"},
				"west": {"uv": [8.5, 5.5, 9.5, 7.5], "texture": "#1"},
				"up": {"uv": [8.5, 6.5, 10.5, 7.5], "texture": "#1"},
				"down": {"uv": [8.5, 5.5, 10.5, 6.5], "texture": "#1"}
			}
		},
		{
			"from": [8, 0.25, 9],
			"to": [10, 1.75, 10],
			"faces": {
				"north": {"uv": [8.5, 5.5, 10.5, 7.5], "texture": "#1"},
				"east": {"uv": [9.5, 5, 10.5, 7], "texture": "#1"},
				"south": {"uv": [8.5, 5.5, 10.5, 7.5], "texture": "#1"},
				"west": {"uv": [8.5, 5.5, 9.5, 7.5], "texture": "#1"},
				"up": {"uv": [8.5, 6.5, 10.5, 7.5], "texture": "#1"},
				"down": {"uv": [8.5, 5.5, 10.5, 6.5], "texture": "#1"}
			}
		},
		{
			"from": [10, 1.25, 9],
			"to": [11.75, 3, 10],
			"faces": {
				"north": {"uv": [8.5, 5.5, 10.5, 7.5], "texture": "#1"},
				"east": {"uv": [9.5, 5, 10.5, 7], "texture": "#1"},
				"south": {"uv": [8.5, 5.5, 10.5, 7.5], "texture": "#1"},
				"west": {"uv": [8.5, 5.5, 9.5, 7.5], "texture": "#1"},
				"up": {"uv": [8.5, 6.5, 10.5, 7.5], "texture": "#1"},
				"down": {"uv": [8.5, 5.5, 10.5, 6.5], "texture": "#1"}
			}
		},
		{
			"from": [11.25, 2.25, 9],
			"to": [12.75, 3.75, 10],
			"faces": {
				"north": {"uv": [8.5, 5.5, 10.5, 7.5], "texture": "#1"},
				"east": {"uv": [9.5, 5, 10.5, 7], "texture": "#1"},
				"south": {"uv": [8.5, 5.5, 10.5, 7.5], "texture": "#1"},
				"west": {"uv": [8.5, 5.5, 9.5, 7.5], "texture": "#1"},
				"up": {"uv": [8.5, 6.5, 10.5, 7.5], "texture": "#1"},
				"down": {"uv": [8.5, 5.5, 10.5, 6.5], "texture": "#1"}
			}
		},
		{
			"from": [12, 3.25, 9],
			"to": [13.75, 5, 10],
			"faces": {
				"north": {"uv": [8.5, 5.5, 10.5, 7.5], "texture": "#1"},
				"east": {"uv": [9.5, 5, 10.5, 7], "texture": "#1"},
				"south": {"uv": [8.5, 5.5, 10.5, 7.5], "texture": "#1"},
				"west": {"uv": [8.5, 5.5, 9.5, 7.5], "texture": "#1"},
				"up": {"uv": [8.5, 6.5, 10.5, 7.5], "texture": "#1"},
				"down": {"uv": [8.5, 5.5, 10.5, 6.5], "texture": "#1"}
			}
		},
		{
			"from": [13.25, 5, 9],
			"to": [14.75, 7, 10],
			"faces": {
				"north": {"uv": [8.5, 5.5, 10.5, 7.5], "texture": "#1"},
				"east": {"uv": [9.5, 5, 10.5, 7], "texture": "#1"},
				"south": {"uv": [8.5, 5.5, 10.5, 7.5], "texture": "#1"},
				"west": {"uv": [8.5, 5.5, 9.5, 7.5], "texture": "#1"},
				"up": {"uv": [8.5, 6.5, 10.5, 7.5], "texture": "#1"},
				"down": {"uv": [8.5, 5.5, 10.5, 6.5], "texture": "#1"}
			}
		},
		{
			"from": [6, 0, 8],
			"to": [8, 2, 9],
			"faces": {
				"north": {"uv": [10.5, 5.5, 8.5, 7.5], "texture": "#1"},
				"east": {"uv": [9.5, 5.5, 8.5, 7.5], "texture": "#1"},
				"south": {"uv": [10.5, 5.5, 8.5, 7.5], "texture": "#1"},
				"west": {"uv": [11, 5.5, 10, 7.5], "texture": "#1"},
				"up": {"uv": [10.5, 6.5, 8.5, 7.5], "texture": "#1"},
				"down": {"uv": [10.5, 5.5, 8.5, 6.5], "texture": "#1"}
			}
		},
		{
			"from": [4, 1, 8],
			"to": [6, 3, 9],
			"faces": {
				"north": {"uv": [10.5, 5.5, 8.5, 7.5], "texture": "#1"},
				"east": {"uv": [9.5, 5.5, 8.5, 7.5], "texture": "#1"},
				"south": {"uv": [10.5, 5.5, 8.5, 7.5], "texture": "#1"},
				"west": {"uv": [11, 5.5, 10, 7.5], "texture": "#1"},
				"up": {"uv": [10.5, 6.5, 8.5, 7.5], "texture": "#1"},
				"down": {"uv": [10.5, 5.5, 8.5, 6.5], "texture": "#1"}
			}
		},
		{
			"from": [3, 2, 8],
			"to": [5, 4, 9],
			"faces": {
				"north": {"uv": [10.5, 5.5, 8.5, 7.5], "texture": "#1"},
				"east": {"uv": [9.5, 5.5, 8.5, 7.5], "texture": "#1"},
				"south": {"uv": [10.5, 5.5, 8.5, 7.5], "texture": "#1"},
				"west": {"uv": [11, 5.5, 10, 7.5], "texture": "#1"},
				"up": {"uv": [10.5, 6.5, 8.5, 7.5], "texture": "#1"},
				"down": {"uv": [10.5, 5.5, 8.5, 6.5], "texture": "#1"}
			}
		},
		{
			"from": [2, 3, 8],
			"to": [4, 5, 9],
			"faces": {
				"north": {"uv": [10.5, 5.5, 8.5, 7.5], "texture": "#1"},
				"east": {"uv": [9.5, 5.5, 8.5, 7.5], "texture": "#1"},
				"south": {"uv": [10.5, 5.5, 8.5, 7.5], "texture": "#1"},
				"west": {"uv": [11, 5.5, 10, 7.5], "texture": "#1"},
				"up": {"uv": [10.5, 6.5, 8.5, 7.5], "texture": "#1"},
				"down": {"uv": [10.5, 5.5, 8.5, 6.5], "texture": "#1"}
			}
		},
		{
			"from": [1, 5, 8],
			"to": [3, 7, 9],
			"faces": {
				"north": {"uv": [10.5, 5.5, 8.5, 7.5], "texture": "#1"},
				"east": {"uv": [9.5, 5.5, 8.5, 7.5], "texture": "#1"},
				"south": {"uv": [10.5, 5.5, 8.5, 7.5], "texture": "#1"},
				"west": {"uv": [11, 5.5, 10, 7.5], "texture": "#1"},
				"up": {"uv": [10.5, 6.5, 8.5, 7.5], "texture": "#1"},
				"down": {"uv": [10.5, 5.5, 8.5, 6.5], "texture": "#1"}
			}
		},
		{
			"from": [6, 0.25, 7],
			"to": [8, 1.75, 8],
			"faces": {
				"north": {"uv": [15.5, 2.5, 13.5, 4.5], "texture": "#1"},
				"east": {"uv": [9.5, 5.5, 8.5, 7.5], "texture": "#1"},
				"south": {"uv": [10.5, 5.5, 8.5, 7.5], "texture": "#1"},
				"west": {"uv": [9.5, 11, 8.5, 13], "texture": "#1"},
				"up": {"uv": [10.5, 6.5, 8.5, 7.5], "texture": "#1"},
				"down": {"uv": [10.5, 5.5, 8.5, 6.5], "texture": "#1"}
			}
		},
		{
			"from": [4.25, 1.25, 7],
			"to": [6, 3, 8],
			"faces": {
				"north": {"uv": [10.5, 5.5, 8.5, 7.5], "texture": "#1"},
				"east": {"uv": [9.5, 5.5, 8.5, 7.5], "texture": "#1"},
				"south": {"uv": [10.5, 5.5, 8.5, 7.5], "texture": "#1"},
				"west": {"uv": [9.5, 11, 8.5, 13], "texture": "#1"},
				"up": {"uv": [10.5, 6.5, 8.5, 7.5], "texture": "#1"},
				"down": {"uv": [10.5, 5.5, 8.5, 6.5], "texture": "#1"}
			}
		},
		{
			"from": [3.25, 2.25, 7],
			"to": [4.75, 3.75, 8],
			"faces": {
				"north": {"uv": [10.5, 5.5, 8.5, 7.5], "texture": "#1"},
				"east": {"uv": [9.5, 5.5, 8.5, 7.5], "texture": "#1"},
				"south": {"uv": [10.5, 5.5, 8.5, 7.5], "texture": "#1"},
				"west": {"uv": [9.5, 11, 8.5, 13], "texture": "#1"},
				"up": {"uv": [10.5, 6.5, 8.5, 7.5], "texture": "#1"},
				"down": {"uv": [10.5, 5.5, 8.5, 6.5], "texture": "#1"}
			}
		},
		{
			"from": [2.25, 3.25, 7],
			"to": [4, 5, 8],
			"faces": {
				"north": {"uv": [10.5, 5.5, 8.5, 7.5], "texture": "#1"},
				"east": {"uv": [9.5, 5.5, 8.5, 7.5], "texture": "#1"},
				"south": {"uv": [10.5, 5.5, 8.5, 7.5], "texture": "#1"},
				"west": {"uv": [9.5, 11, 8.5, 13], "texture": "#1"},
				"up": {"uv": [10.5, 6.5, 8.5, 7.5], "texture": "#1"},
				"down": {"uv": [10.5, 5.5, 8.5, 6.5], "texture": "#1"}
			}
		},
		{
			"from": [1.25, 5, 7],
			"to": [2.75, 7, 8],
			"faces": {
				"north": {"uv": [10.5, 5.5, 8.5, 7.5], "texture": "#1"},
				"east": {"uv": [9.5, 5.5, 8.5, 7.5], "texture": "#1"},
				"south": {"uv": [10.5, 5.5, 8.5, 7.5], "texture": "#1"},
				"west": {"uv": [9.5, 11, 8.5, 13], "texture": "#1"},
				"up": {"uv": [10.5, 6.5, 8.5, 7.5], "texture": "#1"},
				"down": {"uv": [10.5, 5.5, 8.5, 6.5], "texture": "#1"}
			}
		},
		{
			"from": [6, 0.25, 9],
			"to": [8, 1.75, 10],
			"faces": {
				"north": {"uv": [10.5, 5.5, 8.5, 7.5], "texture": "#1"},
				"east": {"uv": [9.5, 5.5, 8.5, 7.5], "texture": "#1"},
				"south": {"uv": [10.5, 5.5, 8.5, 7.5], "texture": "#1"},
				"west": {"uv": [10.5, 5, 9.5, 7], "texture": "#1"},
				"up": {"uv": [10.5, 6.5, 8.5, 7.5], "texture": "#1"},
				"down": {"uv": [10.5, 5.5, 8.5, 6.5], "texture": "#1"}
			}
		},
		{
			"from": [4.25, 1.25, 9],
			"to": [6, 3, 10],
			"faces": {
				"north": {"uv": [10.5, 5.5, 8.5, 7.5], "texture": "#1"},
				"east": {"uv": [9.5, 5.5, 8.5, 7.5], "texture": "#1"},
				"south": {"uv": [10.5, 5.5, 8.5, 7.5], "texture": "#1"},
				"west": {"uv": [10.5, 5, 9.5, 7], "texture": "#1"},
				"up": {"uv": [10.5, 6.5, 8.5, 7.5], "texture": "#1"},
				"down": {"uv": [10.5, 5.5, 8.5, 6.5], "texture": "#1"}
			}
		},
		{
			"from": [3.25, 2.25, 9],
			"to": [4.75, 3.75, 10],
			"faces": {
				"north": {"uv": [10.5, 5.5, 8.5, 7.5], "texture": "#1"},
				"east": {"uv": [9.5, 5.5, 8.5, 7.5], "texture": "#1"},
				"south": {"uv": [10.5, 5.5, 8.5, 7.5], "texture": "#1"},
				"west": {"uv": [10.5, 5, 9.5, 7], "texture": "#1"},
				"up": {"uv": [10.5, 6.5, 8.5, 7.5], "texture": "#1"},
				"down": {"uv": [10.5, 5.5, 8.5, 6.5], "texture": "#1"}
			}
		},
		{
			"from": [2.25, 3.25, 9],
			"to": [4, 5, 10],
			"faces": {
				"north": {"uv": [10.5, 5.5, 8.5, 7.5], "texture": "#1"},
				"east": {"uv": [9.5, 5.5, 8.5, 7.5], "texture": "#1"},
				"south": {"uv": [10.5, 5.5, 8.5, 7.5], "texture": "#1"},
				"west": {"uv": [10.5, 5, 9.5, 7], "texture": "#1"},
				"up": {"uv": [10.5, 6.5, 8.5, 7.5], "texture": "#1"},
				"down": {"uv": [10.5, 5.5, 8.5, 6.5], "texture": "#1"}
			}
		},
		{
			"from": [1.25, 5, 9],
			"to": [2.75, 7, 10],
			"faces": {
				"north": {"uv": [10.5, 5.5, 8.5, 7.5], "texture": "#1"},
				"east": {"uv": [9.5, 5.5, 8.5, 7.5], "texture": "#1"},
				"south": {"uv": [10.5, 5.5, 8.5, 7.5], "texture": "#1"},
				"west": {"uv": [10.5, 5, 9.5, 7], "texture": "#1"},
				"up": {"uv": [10.5, 6.5, 8.5, 7.5], "texture": "#1"},
				"down": {"uv": [10.5, 5.5, 8.5, 6.5], "texture": "#1"}
			}
		},
		{
			"from": [6, 0, 8],
			"to": [8, 2, 9],
			"faces": {
				"north": {"uv": [10.5, 5.5, 8.5, 7.5], "texture": "#1"},
				"east": {"uv": [9.5, 5.5, 8.5, 7.5], "texture": "#1"},
				"south": {"uv": [10.5, 5.5, 8.5, 7.5], "texture": "#1"},
				"west": {"uv": [11, 5.5, 10, 7.5], "texture": "#1"},
				"up": {"uv": [10.5, 6.5, 8.5, 7.5], "texture": "#1"},
				"down": {"uv": [10.5, 5.5, 8.5, 6.5], "texture": "#1"}
			}
		},
		{
			"from": [4, 1, 8],
			"to": [6, 3, 9],
			"faces": {
				"north": {"uv": [10.5, 5.5, 8.5, 7.5], "texture": "#1"},
				"east": {"uv": [9.5, 5.5, 8.5, 7.5], "texture": "#1"},
				"south": {"uv": [10.5, 5.5, 8.5, 7.5], "texture": "#1"},
				"west": {"uv": [11, 5.5, 10, 7.5], "texture": "#1"},
				"up": {"uv": [10.5, 6.5, 8.5, 7.5], "texture": "#1"},
				"down": {"uv": [10.5, 5.5, 8.5, 6.5], "texture": "#1"}
			}
		},
		{
			"from": [3, 2, 8],
			"to": [5, 4, 9],
			"faces": {
				"north": {"uv": [10.5, 5.5, 8.5, 7.5], "texture": "#1"},
				"east": {"uv": [9.5, 5.5, 8.5, 7.5], "texture": "#1"},
				"south": {"uv": [10.5, 5.5, 8.5, 7.5], "texture": "#1"},
				"west": {"uv": [11, 5.5, 10, 7.5], "texture": "#1"},
				"up": {"uv": [10.5, 6.5, 8.5, 7.5], "texture": "#1"},
				"down": {"uv": [10.5, 5.5, 8.5, 6.5], "texture": "#1"}
			}
		},
		{
			"from": [2, 3, 8],
			"to": [4, 5, 9],
			"faces": {
				"north": {"uv": [10.5, 5.5, 8.5, 7.5], "texture": "#1"},
				"east": {"uv": [9.5, 5.5, 8.5, 7.5], "texture": "#1"},
				"south": {"uv": [10.5, 5.5, 8.5, 7.5], "texture": "#1"},
				"west": {"uv": [11, 5.5, 10, 7.5], "texture": "#1"},
				"up": {"uv": [10.5, 6.5, 8.5, 7.5], "texture": "#1"},
				"down": {"uv": [10.5, 5.5, 8.5, 6.5], "texture": "#1"}
			}
		},
		{
			"from": [1, 5, 8],
			"to": [3, 7, 9],
			"faces": {
				"north": {"uv": [10.5, 5.5, 8.5, 7.5], "texture": "#1"},
				"east": {"uv": [9.5, 5.5, 8.5, 7.5], "texture": "#1"},
				"south": {"uv": [10.5, 5.5, 8.5, 7.5], "texture": "#1"},
				"west": {"uv": [11, 5.5, 10, 7.5], "texture": "#1"},
				"up": {"uv": [10.5, 6.5, 8.5, 7.5], "texture": "#1"},
				"down": {"uv": [10.5, 5.5, 8.5, 6.5], "texture": "#1"}
			}
		},
		{
			"from": [6, 0.25, 7],
			"to": [8, 1.75, 8],
			"faces": {
				"north": {"uv": [10.5, 5.5, 8.5, 7.5], "texture": "#1"},
				"east": {"uv": [9.5, 5.5, 8.5, 7.5], "texture": "#1"},
				"south": {"uv": [10.5, 5.5, 8.5, 7.5], "texture": "#1"},
				"west": {"uv": [9.5, 11, 8.5, 13], "texture": "#1"},
				"up": {"uv": [10.5, 6.5, 8.5, 7.5], "texture": "#1"},
				"down": {"uv": [10.5, 5.5, 8.5, 6.5], "texture": "#1"}
			}
		},
		{
			"from": [4.25, 1.25, 7],
			"to": [6, 3, 8],
			"faces": {
				"north": {"uv": [10.5, 5.5, 8.5, 7.5], "texture": "#1"},
				"east": {"uv": [9.5, 5.5, 8.5, 7.5], "texture": "#1"},
				"south": {"uv": [10.5, 5.5, 8.5, 7.5], "texture": "#1"},
				"west": {"uv": [9.5, 11, 8.5, 13], "texture": "#1"},
				"up": {"uv": [10.5, 6.5, 8.5, 7.5], "texture": "#1"},
				"down": {"uv": [10.5, 5.5, 8.5, 6.5], "texture": "#1"}
			}
		},
		{
			"from": [3.25, 2.25, 7],
			"to": [4.75, 3.75, 8],
			"faces": {
				"north": {"uv": [10.5, 5.5, 8.5, 7.5], "texture": "#1"},
				"east": {"uv": [9.5, 5.5, 8.5, 7.5], "texture": "#1"},
				"south": {"uv": [10.5, 5.5, 8.5, 7.5], "texture": "#1"},
				"west": {"uv": [9.5, 11, 8.5, 13], "texture": "#1"},
				"up": {"uv": [10.5, 6.5, 8.5, 7.5], "texture": "#1"},
				"down": {"uv": [10.5, 5.5, 8.5, 6.5], "texture": "#1"}
			}
		},
		{
			"from": [2.25, 3.25, 7],
			"to": [4, 5, 8],
			"faces": {
				"north": {"uv": [10.5, 5.5, 8.5, 7.5], "texture": "#1"},
				"east": {"uv": [9.5, 5.5, 8.5, 7.5], "texture": "#1"},
				"south": {"uv": [10.5, 5.5, 8.5, 7.5], "texture": "#1"},
				"west": {"uv": [9.5, 11, 8.5, 13], "texture": "#1"},
				"up": {"uv": [10.5, 6.5, 8.5, 7.5], "texture": "#1"},
				"down": {"uv": [10.5, 5.5, 8.5, 6.5], "texture": "#1"}
			}
		},
		{
			"from": [1.25, 5, 7],
			"to": [2.75, 7, 8],
			"faces": {
				"north": {"uv": [10.5, 5.5, 8.5, 7.5], "texture": "#1"},
				"east": {"uv": [9.5, 5.5, 8.5, 7.5], "texture": "#1"},
				"south": {"uv": [10.5, 5.5, 8.5, 7.5], "texture": "#1"},
				"west": {"uv": [9.5, 11, 8.5, 13], "texture": "#1"},
				"up": {"uv": [10.5, 6.5, 8.5, 7.5], "texture": "#1"},
				"down": {"uv": [10.5, 5.5, 8.5, 6.5], "texture": "#1"}
			}
		},
		{
			"from": [6, 0.25, 9],
			"to": [8, 1.75, 10],
			"faces": {
				"north": {"uv": [10.5, 5.5, 8.5, 7.5], "texture": "#1"},
				"east": {"uv": [9.5, 5.5, 8.5, 7.5], "texture": "#1"},
				"south": {"uv": [10.5, 5.5, 8.5, 7.5], "texture": "#1"},
				"west": {"uv": [10.5, 5, 9.5, 7], "texture": "#1"},
				"up": {"uv": [10.5, 6.5, 8.5, 7.5], "texture": "#1"},
				"down": {"uv": [10.5, 5.5, 8.5, 6.5], "texture": "#1"}
			}
		},
		{
			"from": [4.25, 1.25, 9],
			"to": [6, 3, 10],
			"faces": {
				"north": {"uv": [10.5, 5.5, 8.5, 7.5], "texture": "#1"},
				"east": {"uv": [9.5, 5.5, 8.5, 7.5], "texture": "#1"},
				"south": {"uv": [10.5, 5.5, 8.5, 7.5], "texture": "#1"},
				"west": {"uv": [10.5, 5, 9.5, 7], "texture": "#1"},
				"up": {"uv": [10.5, 6.5, 8.5, 7.5], "texture": "#1"},
				"down": {"uv": [10.5, 5.5, 8.5, 6.5], "texture": "#1"}
			}
		},
		{
			"from": [3.25, 2.25, 9],
			"to": [4.75, 3.75, 10],
			"faces": {
				"north": {"uv": [10.5, 5.5, 8.5, 7.5], "texture": "#1"},
				"east": {"uv": [9.5, 5.5, 8.5, 7.5], "texture": "#1"},
				"south": {"uv": [10.5, 5.5, 8.5, 7.5], "texture": "#1"},
				"west": {"uv": [10.5, 5, 9.5, 7], "texture": "#1"},
				"up": {"uv": [10.5, 6.5, 8.5, 7.5], "texture": "#1"},
				"down": {"uv": [10.5, 5.5, 8.5, 6.5], "texture": "#1"}
			}
		},
		{
			"from": [2.25, 3.25, 9],
			"to": [4, 5, 10],
			"faces": {
				"north": {"uv": [10.5, 5.5, 8.5, 7.5], "texture": "#1"},
				"east": {"uv": [9.5, 5.5, 8.5, 7.5], "texture": "#1"},
				"south": {"uv": [10.5, 5.5, 8.5, 7.5], "texture": "#1"},
				"west": {"uv": [10.5, 5, 9.5, 7], "texture": "#1"},
				"up": {"uv": [10.5, 6.5, 8.5, 7.5], "texture": "#1"},
				"down": {"uv": [10.5, 5.5, 8.5, 6.5], "texture": "#1"}
			}
		},
		{
			"from": [1.25, 5, 9],
			"to": [2.75, 7, 10],
			"faces": {
				"north": {"uv": [10.5, 5.5, 8.5, 7.5], "texture": "#1"},
				"east": {"uv": [9.5, 5.5, 8.5, 7.5], "texture": "#1"},
				"south": {"uv": [10.5, 5.5, 8.5, 7.5], "texture": "#1"},
				"west": {"uv": [10.5, 5, 9.5, 7], "texture": "#1"},
				"up": {"uv": [10.5, 6.5, 8.5, 7.5], "texture": "#1"},
				"down": {"uv": [10.5, 5.5, 8.5, 6.5], "texture": "#1"}
			}
		},
		{
			"from": [10, 11, 8],
			"to": [12, 13, 9],
			"faces": {
				"north": {"uv": [8.5, 7.5, 10.5, 5.5], "texture": "#1"},
				"east": {"uv": [10, 7.5, 11, 5.5], "texture": "#1"},
				"south": {"uv": [8.5, 7.5, 10.5, 5.5], "texture": "#1"},
				"west": {"uv": [8.5, 7.5, 9.5, 5.5], "texture": "#1"},
				"up": {"uv": [8.5, 6.5, 10.5, 5.5], "texture": "#1"},
				"down": {"uv": [8.5, 7.5, 10.5, 6.5], "texture": "#1"}
			}
		},
		{
			"from": [11, 10, 8],
			"to": [13, 12, 9],
			"faces": {
				"north": {"uv": [8.5, 7.5, 10.5, 5.5], "texture": "#1"},
				"east": {"uv": [10, 7.5, 11, 5.5], "texture": "#1"},
				"south": {"uv": [8.5, 7.5, 10.5, 5.5], "texture": "#1"},
				"west": {"uv": [8.5, 7.5, 9.5, 5.5], "texture": "#1"},
				"up": {"uv": [8.5, 6.5, 10.5, 5.5], "texture": "#1"},
				"down": {"uv": [8.5, 7.5, 10.5, 6.5], "texture": "#1"}
			}
		},
		{
			"from": [12, 9, 8],
			"to": [14, 11, 9],
			"faces": {
				"north": {"uv": [8.5, 7.5, 10.5, 5.5], "texture": "#1"},
				"east": {"uv": [10, 7.5, 11, 5.5], "texture": "#1"},
				"south": {"uv": [8.5, 7.5, 10.5, 5.5], "texture": "#1"},
				"west": {"uv": [8.5, 7.5, 9.5, 5.5], "texture": "#1"},
				"up": {"uv": [8.5, 6.5, 10.5, 5.5], "texture": "#1"},
				"down": {"uv": [8.5, 7.5, 10.5, 6.5], "texture": "#1"}
			}
		},
		{
			"from": [13, 7, 8],
			"to": [15, 9, 9],
			"faces": {
				"north": {"uv": [8.5, 7.5, 10.5, 5.5], "texture": "#1"},
				"east": {"uv": [10, 7.5, 11, 5.5], "texture": "#1"},
				"south": {"uv": [8.5, 7.5, 10.5, 5.5], "texture": "#1"},
				"west": {"uv": [8.5, 7.5, 9.5, 5.5], "texture": "#1"},
				"up": {"uv": [8.5, 6.5, 10.5, 5.5], "texture": "#1"},
				"down": {"uv": [8.5, 7.5, 10.5, 6.5], "texture": "#1"}
			}
		},
		{
			"from": [8, 12.25, 7],
			"to": [10, 13.75, 8],
			"faces": {
				"north": {"uv": [9.5, 7.5, 11.5, 5.5], "texture": "#1"},
				"east": {"uv": [8.5, 13, 9.5, 11], "texture": "#1"},
				"south": {"uv": [8.5, 7.5, 10.5, 5.5], "texture": "#1"},
				"west": {"uv": [8.5, 7.5, 9.5, 5.5], "texture": "#1"},
				"up": {"uv": [4.5, 7, 6.5, 6], "texture": "#1"},
				"down": {"uv": [8.5, 7.5, 10.5, 6.5], "texture": "#1"}
			}
		},
		{
			"from": [10, 11, 7],
			"to": [11.75, 12.75, 8],
			"faces": {
				"north": {"uv": [8.5, 7.5, 10.5, 5.5], "texture": "#1"},
				"east": {"uv": [8.5, 13, 9.5, 11], "texture": "#1"},
				"south": {"uv": [8.5, 7.5, 10.5, 5.5], "texture": "#1"},
				"west": {"uv": [8.5, 7.5, 9.5, 5.5], "texture": "#1"},
				"up": {"uv": [8.5, 6.5, 10.5, 5.5], "texture": "#1"},
				"down": {"uv": [8.5, 7.5, 10.5, 6.5], "texture": "#1"}
			}
		},
		{
			"from": [11.25, 10.25, 7],
			"to": [12.75, 11.75, 8],
			"faces": {
				"north": {"uv": [8.5, 7.5, 10.5, 5.5], "texture": "#1"},
				"east": {"uv": [8.5, 13, 9.5, 11], "texture": "#1"},
				"south": {"uv": [8.5, 7.5, 10.5, 5.5], "texture": "#1"},
				"west": {"uv": [8.5, 7.5, 9.5, 5.5], "texture": "#1"},
				"up": {"uv": [8.5, 6.5, 10.5, 5.5], "texture": "#1"},
				"down": {"uv": [8.5, 7.5, 10.5, 6.5], "texture": "#1"}
			}
		},
		{
			"from": [12, 10, 7],
			"to": [13.75, 11.75, 8],
			"faces": {
				"north": {"uv": [8.5, 7.5, 10.5, 5.5], "texture": "#1"},
				"east": {"uv": [8.5, 13, 9.5, 11], "texture": "#1"},
				"south": {"uv": [8.5, 7.5, 10.5, 5.5], "texture": "#1"},
				"west": {"uv": [8.5, 7.5, 9.5, 5.5], "texture": "#1"},
				"up": {"uv": [8.5, 6.5, 10.5, 5.5], "texture": "#1"},
				"down": {"uv": [8.5, 7.5, 10.5, 6.5], "texture": "#1"}
			}
		},
		{
			"from": [13.25, 7, 7],
			"to": [14.75, 9, 8],
			"faces": {
				"north": {"uv": [8.5, 7.5, 10.5, 5.5], "texture": "#1"},
				"east": {"uv": [8.5, 13, 9.5, 11], "texture": "#1"},
				"south": {"uv": [8.5, 7.5, 10.5, 5.5], "texture": "#1"},
				"west": {"uv": [8.5, 7.5, 9.5, 5.5], "texture": "#1"},
				"up": {"uv": [8.5, 6.5, 10.5, 5.5], "texture": "#1"},
				"down": {"uv": [8.5, 7.5, 10.5, 6.5], "texture": "#1"}
			}
		},
		{
			"from": [8, 12.25, 9],
			"to": [10, 13.75, 10],
			"faces": {
				"north": {"uv": [8.5, 7.5, 10.5, 5.5], "texture": "#1"},
				"east": {"uv": [9.5, 7, 10.5, 5], "texture": "#1"},
				"south": {"uv": [8.5, 7.5, 10.5, 5.5], "texture": "#1"},
				"west": {"uv": [8.5, 7.5, 9.5, 5.5], "texture": "#1"},
				"up": {"uv": [8.5, 6.5, 10.5, 5.5], "texture": "#1"},
				"down": {"uv": [8.5, 7.5, 10.5, 6.5], "texture": "#1"}
			}
		},
		{
			"from": [10, 11, 9],
			"to": [11.75, 12.75, 10],
			"faces": {
				"north": {"uv": [8.5, 7.5, 10.5, 5.5], "texture": "#1"},
				"east": {"uv": [9.5, 7, 10.5, 5], "texture": "#1"},
				"south": {"uv": [8.5, 7.5, 10.5, 5.5], "texture": "#1"},
				"west": {"uv": [8.5, 7.5, 9.5, 5.5], "texture": "#1"},
				"up": {"uv": [8.5, 6.5, 10.5, 5.5], "texture": "#1"},
				"down": {"uv": [8.5, 7.5, 10.5, 6.5], "texture": "#1"}
			}
		},
		{
			"from": [11.25, 10.25, 9],
			"to": [12.75, 11.75, 10],
			"faces": {
				"north": {"uv": [8.5, 7.5, 10.5, 5.5], "texture": "#1"},
				"east": {"uv": [9.5, 7, 10.5, 5], "texture": "#1"},
				"south": {"uv": [8.5, 7.5, 10.5, 5.5], "texture": "#1"},
				"west": {"uv": [8.5, 7.5, 9.5, 5.5], "texture": "#1"},
				"up": {"uv": [8.5, 6.5, 10.5, 5.5], "texture": "#1"},
				"down": {"uv": [8.5, 7.5, 10.5, 6.5], "texture": "#1"}
			}
		},
		{
			"from": [12, 9, 9],
			"to": [13.75, 10.75, 10],
			"faces": {
				"north": {"uv": [8.5, 7.5, 10.5, 5.5], "texture": "#1"},
				"east": {"uv": [9.5, 7, 10.5, 5], "texture": "#1"},
				"south": {"uv": [8.5, 7.5, 10.5, 5.5], "texture": "#1"},
				"west": {"uv": [8.5, 7.5, 9.5, 5.5], "texture": "#1"},
				"up": {"uv": [8.5, 6.5, 10.5, 5.5], "texture": "#1"},
				"down": {"uv": [8.5, 7.5, 10.5, 6.5], "texture": "#1"}
			}
		},
		{
			"from": [13.25, 7, 9],
			"to": [14.75, 9, 10],
			"faces": {
				"north": {"uv": [8.5, 7.5, 10.5, 5.5], "texture": "#1"},
				"east": {"uv": [9.5, 7, 10.5, 5], "texture": "#1"},
				"south": {"uv": [8.5, 7.5, 10.5, 5.5], "texture": "#1"},
				"west": {"uv": [8.5, 7.5, 9.5, 5.5], "texture": "#1"},
				"up": {"uv": [8.5, 6.5, 10.5, 5.5], "texture": "#1"},
				"down": {"uv": [8.5, 7.5, 10.5, 6.5], "texture": "#1"}
			}
		},
		{
			"from": [8, 12, 8],
			"to": [10, 13.75, 9],
			"faces": {
				"north": {"uv": [8.5, 7.5, 10.5, 5.5], "texture": "#1"},
				"east": {"uv": [10, 7.5, 11, 5.5], "texture": "#1"},
				"south": {"uv": [8.5, 7.5, 10.5, 5.5], "texture": "#1"},
				"west": {"uv": [8.5, 7.5, 9.5, 5.5], "texture": "#1"},
				"up": {"uv": [13.5, 12.5, 15.5, 11.5], "texture": "#1"},
				"down": {"uv": [8.5, 7.5, 10.5, 6.5], "texture": "#1"}
			}
		},
		{
			"from": [10, 11, 8],
			"to": [12, 13, 9],
			"faces": {
				"north": {"uv": [8.5, 7.5, 10.5, 5.5], "texture": "#1"},
				"east": {"uv": [10, 7.5, 11, 5.5], "texture": "#1"},
				"south": {"uv": [8.5, 7.5, 10.5, 5.5], "texture": "#1"},
				"west": {"uv": [8.5, 7.5, 9.5, 5.5], "texture": "#1"},
				"up": {"uv": [8.5, 6.5, 10.5, 5.5], "texture": "#1"},
				"down": {"uv": [8.5, 7.5, 10.5, 6.5], "texture": "#1"}
			}
		},
		{
			"from": [11, 10, 8],
			"to": [13, 12, 9],
			"faces": {
				"north": {"uv": [8.5, 7.5, 10.5, 5.5], "texture": "#1"},
				"east": {"uv": [10, 7.5, 11, 5.5], "texture": "#1"},
				"south": {"uv": [8.5, 7.5, 10.5, 5.5], "texture": "#1"},
				"west": {"uv": [8.5, 7.5, 9.5, 5.5], "texture": "#1"},
				"up": {"uv": [8.5, 6.5, 10.5, 5.5], "texture": "#1"},
				"down": {"uv": [8.5, 7.5, 10.5, 6.5], "texture": "#1"}
			}
		},
		{
			"from": [12, 9, 8],
			"to": [14, 11, 9],
			"faces": {
				"north": {"uv": [8.5, 7.5, 10.5, 5.5], "texture": "#1"},
				"east": {"uv": [10, 7.5, 11, 5.5], "texture": "#1"},
				"south": {"uv": [8.5, 7.5, 10.5, 5.5], "texture": "#1"},
				"west": {"uv": [8.5, 7.5, 9.5, 5.5], "texture": "#1"},
				"up": {"uv": [8.5, 6.5, 10.5, 5.5], "texture": "#1"},
				"down": {"uv": [8.5, 7.5, 10.5, 6.5], "texture": "#1"}
			}
		},
		{
			"from": [13, 7, 8],
			"to": [15, 9, 9],
			"faces": {
				"north": {"uv": [8.5, 7.5, 10.5, 5.5], "texture": "#1"},
				"east": {"uv": [10, 7.5, 11, 5.5], "texture": "#1"},
				"south": {"uv": [8.5, 7.5, 10.5, 5.5], "texture": "#1"},
				"west": {"uv": [8.5, 7.5, 9.5, 5.5], "texture": "#1"},
				"up": {"uv": [8.5, 6.5, 10.5, 5.5], "texture": "#1"},
				"down": {"uv": [8.5, 7.5, 10.5, 6.5], "texture": "#1"}
			}
		},
		{
			"from": [8, 12.25, 7],
			"to": [10, 13.75, 8],
			"faces": {
				"north": {"uv": [8.5, 7.5, 10.5, 5.5], "texture": "#1"},
				"east": {"uv": [8.5, 13, 9.5, 11], "texture": "#1"},
				"south": {"uv": [8.5, 7.5, 10.5, 5.5], "texture": "#1"},
				"west": {"uv": [8.5, 7.5, 9.5, 5.5], "texture": "#1"},
				"up": {"uv": [8.5, 6.5, 10.5, 5.5], "texture": "#1"},
				"down": {"uv": [8.5, 7.5, 10.5, 6.5], "texture": "#1"}
			}
		},
		{
			"from": [10, 11, 7],
			"to": [11.75, 12.75, 8],
			"faces": {
				"north": {"uv": [8.5, 7.5, 10.5, 5.5], "texture": "#1"},
				"east": {"uv": [8.5, 13, 9.5, 11], "texture": "#1"},
				"south": {"uv": [8.5, 7.5, 10.5, 5.5], "texture": "#1"},
				"west": {"uv": [8.5, 7.5, 9.5, 5.5], "texture": "#1"},
				"up": {"uv": [8.5, 6.5, 10.5, 5.5], "texture": "#1"},
				"down": {"uv": [8.5, 7.5, 10.5, 6.5], "texture": "#1"}
			}
		},
		{
			"from": [11.25, 10.25, 7],
			"to": [12.75, 11.75, 8],
			"faces": {
				"north": {"uv": [8.5, 7.5, 10.5, 5.5], "texture": "#1"},
				"east": {"uv": [8.5, 13, 9.5, 11], "texture": "#1"},
				"south": {"uv": [8.5, 7.5, 10.5, 5.5], "texture": "#1"},
				"west": {"uv": [8.5, 7.5, 9.5, 5.5], "texture": "#1"},
				"up": {"uv": [8.5, 6.5, 10.5, 5.5], "texture": "#1"},
				"down": {"uv": [8.5, 7.5, 10.5, 6.5], "texture": "#1"}
			}
		},
		{
			"from": [12, 9, 7],
			"to": [13.75, 10.75, 8],
			"faces": {
				"north": {"uv": [8.5, 7.5, 10.5, 5.5], "texture": "#1"},
				"east": {"uv": [8.5, 13, 9.5, 11], "texture": "#1"},
				"south": {"uv": [8.5, 7.5, 10.5, 5.5], "texture": "#1"},
				"west": {"uv": [8.5, 7.5, 9.5, 5.5], "texture": "#1"},
				"up": {"uv": [8.5, 6.5, 10.5, 5.5], "texture": "#1"},
				"down": {"uv": [8.5, 7.5, 10.5, 6.5], "texture": "#1"}
			}
		},
		{
			"from": [13.25, 7, 7],
			"to": [14.75, 9, 8],
			"faces": {
				"north": {"uv": [8.5, 7.5, 10.5, 5.5], "texture": "#1"},
				"east": {"uv": [8.5, 13, 9.5, 11], "texture": "#1"},
				"south": {"uv": [8.5, 7.5, 10.5, 5.5], "texture": "#1"},
				"west": {"uv": [8.5, 7.5, 9.5, 5.5], "texture": "#1"},
				"up": {"uv": [8.5, 6.5, 10.5, 5.5], "texture": "#1"},
				"down": {"uv": [8.5, 7.5, 10.5, 6.5], "texture": "#1"}
			}
		},
		{
			"from": [8, 12.25, 9],
			"to": [10, 13.75, 10],
			"faces": {
				"north": {"uv": [8.5, 7.5, 10.5, 5.5], "texture": "#1"},
				"east": {"uv": [9.5, 7, 10.5, 5], "texture": "#1"},
				"south": {"uv": [8.5, 7.5, 10.5, 5.5], "texture": "#1"},
				"west": {"uv": [8.5, 7.5, 9.5, 5.5], "texture": "#1"},
				"up": {"uv": [8.5, 6.5, 10.5, 5.5], "texture": "#1"},
				"down": {"uv": [8.5, 7.5, 10.5, 6.5], "texture": "#1"}
			}
		},
		{
			"from": [10, 11, 9],
			"to": [11.75, 12.75, 10],
			"faces": {
				"north": {"uv": [8.5, 7.5, 10.5, 5.5], "texture": "#1"},
				"east": {"uv": [9.5, 7, 10.5, 5], "texture": "#1"},
				"south": {"uv": [8.5, 7.5, 10.5, 5.5], "texture": "#1"},
				"west": {"uv": [8.5, 7.5, 9.5, 5.5], "texture": "#1"},
				"up": {"uv": [8.5, 6.5, 10.5, 5.5], "texture": "#1"},
				"down": {"uv": [8.5, 7.5, 10.5, 6.5], "texture": "#1"}
			}
		},
		{
			"from": [11.25, 10.25, 9],
			"to": [12.75, 11.75, 10],
			"faces": {
				"north": {"uv": [8.5, 7.5, 10.5, 5.5], "texture": "#1"},
				"east": {"uv": [9.5, 7, 10.5, 5], "texture": "#1"},
				"south": {"uv": [8.5, 7.5, 10.5, 5.5], "texture": "#1"},
				"west": {"uv": [8.5, 7.5, 9.5, 5.5], "texture": "#1"},
				"up": {"uv": [8.5, 6.5, 10.5, 5.5], "texture": "#1"},
				"down": {"uv": [8.5, 7.5, 10.5, 6.5], "texture": "#1"}
			}
		},
		{
			"from": [12, 9, 9],
			"to": [13.75, 10.75, 10],
			"faces": {
				"north": {"uv": [8.5, 7.5, 10.5, 5.5], "texture": "#1"},
				"east": {"uv": [9.5, 7, 10.5, 5], "texture": "#1"},
				"south": {"uv": [8.5, 7.5, 10.5, 5.5], "texture": "#1"},
				"west": {"uv": [8.5, 7.5, 9.5, 5.5], "texture": "#1"},
				"up": {"uv": [8.5, 6.5, 10.5, 5.5], "texture": "#1"},
				"down": {"uv": [8.5, 7.5, 10.5, 6.5], "texture": "#1"}
			}
		},
		{
			"from": [13.25, 7, 9],
			"to": [14.75, 9, 10],
			"faces": {
				"north": {"uv": [8.5, 7.5, 10.5, 5.5], "texture": "#1"},
				"east": {"uv": [9.5, 7, 10.5, 5], "texture": "#1"},
				"south": {"uv": [8.5, 7.5, 10.5, 5.5], "texture": "#1"},
				"west": {"uv": [8.5, 7.5, 9.5, 5.5], "texture": "#1"},
				"up": {"uv": [8.5, 6.5, 10.5, 5.5], "texture": "#1"},
				"down": {"uv": [8.5, 7.5, 10.5, 6.5], "texture": "#1"}
			}
		},
		{
			"from": [4, 11, 8],
			"to": [6, 13, 9],
			"faces": {
				"north": {"uv": [10.5, 7.5, 8.5, 5.5], "texture": "#1"},
				"east": {"uv": [9.5, 7.5, 8.5, 5.5], "texture": "#1"},
				"south": {"uv": [10.5, 7.5, 8.5, 5.5], "texture": "#1"},
				"west": {"uv": [11, 7.5, 10, 5.5], "texture": "#1"},
				"up": {"uv": [10.5, 6.5, 8.5, 5.5], "texture": "#1"},
				"down": {"uv": [10.5, 7.5, 8.5, 6.5], "texture": "#1"}
			}
		},
		{
			"from": [3, 10, 8],
			"to": [5, 12, 9],
			"faces": {
				"north": {"uv": [10.5, 7.5, 8.5, 5.5], "texture": "#1"},
				"east": {"uv": [9.5, 7.5, 8.5, 5.5], "texture": "#1"},
				"south": {"uv": [10.5, 7.5, 8.5, 5.5], "texture": "#1"},
				"west": {"uv": [11, 7.5, 10, 5.5], "texture": "#1"},
				"up": {"uv": [10.5, 6.5, 8.5, 5.5], "texture": "#1"},
				"down": {"uv": [10.5, 7.5, 8.5, 6.5], "texture": "#1"}
			}
		},
		{
			"from": [2, 9, 8],
			"to": [4, 11, 9],
			"faces": {
				"north": {"uv": [10.5, 7.5, 8.5, 5.5], "texture": "#1"},
				"east": {"uv": [9.5, 7.5, 8.5, 5.5], "texture": "#1"},
				"south": {"uv": [10.5, 7.5, 8.5, 5.5], "texture": "#1"},
				"west": {"uv": [11, 7.5, 10, 5.5], "texture": "#1"},
				"up": {"uv": [10.5, 6.5, 8.5, 5.5], "texture": "#1"},
				"down": {"uv": [10.5, 7.5, 8.5, 6.5], "texture": "#1"}
			}
		},
		{
			"from": [1, 7, 8],
			"to": [3, 9, 9],
			"faces": {
				"north": {"uv": [10.5, 7.5, 8.5, 5.5], "texture": "#1"},
				"east": {"uv": [9.5, 7.5, 8.5, 5.5], "texture": "#1"},
				"south": {"uv": [10.5, 7.5, 8.5, 5.5], "texture": "#1"},
				"west": {"uv": [11, 7.5, 10, 5.5], "texture": "#1"},
				"up": {"uv": [10.5, 6.5, 8.5, 5.5], "texture": "#1"},
				"down": {"uv": [10.5, 7.5, 8.5, 6.5], "texture": "#1"}
			}
		},
		{
			"from": [6, 12.25, 7],
			"to": [8, 13.75, 8],
			"faces": {
				"north": {"uv": [10.5, 7.5, 8.5, 5.5], "texture": "#1"},
				"east": {"uv": [9.5, 7.5, 8.5, 5.5], "texture": "#1"},
				"south": {"uv": [10.5, 7.5, 8.5, 5.5], "texture": "#1"},
				"west": {"uv": [9.5, 13, 8.5, 11], "texture": "#1"},
				"up": {"uv": [10.5, 6.5, 8.5, 5.5], "texture": "#1"},
				"down": {"uv": [10.5, 7.5, 8.5, 6.5], "texture": "#1"}
			}
		},
		{
			"from": [4.25, 11, 7],
			"to": [6, 12.75, 8],
			"faces": {
				"north": {"uv": [10.5, 7.5, 8.5, 5.5], "texture": "#1"},
				"east": {"uv": [9.5, 7.5, 8.5, 5.5], "texture": "#1"},
				"south": {"uv": [10.5, 7.5, 8.5, 5.5], "texture": "#1"},
				"west": {"uv": [9.5, 13, 8.5, 11], "texture": "#1"},
				"up": {"uv": [10.5, 6.5, 8.5, 5.5], "texture": "#1"},
				"down": {"uv": [10.5, 7.5, 8.5, 6.5], "texture": "#1"}
			}
		},
		{
			"from": [3.25, 10.25, 7],
			"to": [4.75, 11.75, 8],
			"faces": {
				"north": {"uv": [10.5, 7.5, 8.5, 5.5], "texture": "#1"},
				"east": {"uv": [9.5, 7.5, 8.5, 5.5], "texture": "#1"},
				"south": {"uv": [10.5, 7.5, 8.5, 5.5], "texture": "#1"},
				"west": {"uv": [9.5, 13, 8.5, 11], "texture": "#1"},
				"up": {"uv": [10.5, 6.5, 8.5, 5.5], "texture": "#1"},
				"down": {"uv": [10.5, 7.5, 8.5, 6.5], "texture": "#1"}
			}
		},
		{
			"from": [2.25, 9, 7],
			"to": [4, 10.75, 8],
			"faces": {
				"north": {"uv": [10.5, 7.5, 8.5, 5.5], "texture": "#1"},
				"east": {"uv": [9.5, 7.5, 8.5, 5.5], "texture": "#1"},
				"south": {"uv": [10.5, 7.5, 8.5, 5.5], "texture": "#1"},
				"west": {"uv": [9.5, 13, 8.5, 11], "texture": "#1"},
				"up": {"uv": [10.5, 6.5, 8.5, 5.5], "texture": "#1"},
				"down": {"uv": [10.5, 7.5, 8.5, 6.5], "texture": "#1"}
			}
		},
		{
			"from": [1.25, 7, 7],
			"to": [2.75, 9, 8],
			"faces": {
				"north": {"uv": [10.5, 7.5, 8.5, 5.5], "texture": "#1"},
				"east": {"uv": [9.5, 7.5, 8.5, 5.5], "texture": "#1"},
				"south": {"uv": [10.5, 7.5, 8.5, 5.5], "texture": "#1"},
				"west": {"uv": [9.5, 13, 8.5, 11], "texture": "#1"},
				"up": {"uv": [10.5, 6.5, 8.5, 5.5], "texture": "#1"},
				"down": {"uv": [10.5, 7.5, 8.5, 6.5], "texture": "#1"}
			}
		},
		{
			"from": [6, 12.25, 9],
			"to": [8, 13.75, 10],
			"faces": {
				"north": {"uv": [10.5, 7.5, 8.5, 5.5], "texture": "#1"},
				"east": {"uv": [9.5, 7.5, 8.5, 5.5], "texture": "#1"},
				"south": {"uv": [10.5, 7.5, 8.5, 5.5], "texture": "#1"},
				"west": {"uv": [10.5, 7, 9.5, 5], "texture": "#1"},
				"up": {"uv": [10.5, 7.5, 8.5, 6.5], "texture": "#1"},
				"down": {"uv": [10.5, 7.5, 8.5, 6.5], "texture": "#1"}
			}
		},
		{
			"from": [4.25, 11, 9],
			"to": [6, 12.75, 10],
			"faces": {
				"north": {"uv": [10.5, 7.5, 8.5, 5.5], "texture": "#1"},
				"east": {"uv": [9.5, 7.5, 8.5, 5.5], "texture": "#1"},
				"south": {"uv": [10.5, 7.5, 8.5, 5.5], "texture": "#1"},
				"west": {"uv": [10.5, 7, 9.5, 5], "texture": "#1"},
				"up": {"uv": [10.5, 6.5, 8.5, 5.5], "texture": "#1"},
				"down": {"uv": [10.5, 7.5, 8.5, 6.5], "texture": "#1"}
			}
		},
		{
			"from": [3.25, 10.25, 9],
			"to": [4.75, 11.75, 10],
			"faces": {
				"north": {"uv": [10.5, 7.5, 8.5, 5.5], "texture": "#1"},
				"east": {"uv": [9.5, 7.5, 8.5, 5.5], "texture": "#1"},
				"south": {"uv": [10.5, 7.5, 8.5, 5.5], "texture": "#1"},
				"west": {"uv": [10.5, 7, 9.5, 5], "texture": "#1"},
				"up": {"uv": [10.5, 6.5, 8.5, 5.5], "texture": "#1"},
				"down": {"uv": [10.5, 7.5, 8.5, 6.5], "texture": "#1"}
			}
		},
		{
			"from": [2.25, 9, 9],
			"to": [4, 10.75, 10],
			"faces": {
				"north": {"uv": [10.5, 7.5, 8.5, 5.5], "texture": "#1"},
				"east": {"uv": [9.5, 7.5, 8.5, 5.5], "texture": "#1"},
				"south": {"uv": [10.5, 7.5, 8.5, 5.5], "texture": "#1"},
				"west": {"uv": [10.5, 7, 9.5, 5], "texture": "#1"},
				"up": {"uv": [10.5, 6.5, 8.5, 5.5], "texture": "#1"},
				"down": {"uv": [10.5, 7.5, 8.5, 6.5], "texture": "#1"}
			}
		},
		{
			"from": [1.25, 7, 9],
			"to": [2.75, 9, 10],
			"faces": {
				"north": {"uv": [10.5, 7.5, 8.5, 5.5], "texture": "#1"},
				"east": {"uv": [9.5, 7.5, 8.5, 5.5], "texture": "#1"},
				"south": {"uv": [10.5, 7.5, 8.5, 5.5], "texture": "#1"},
				"west": {"uv": [10.5, 7, 9.5, 5], "texture": "#1"},
				"up": {"uv": [10.5, 6.5, 8.5, 5.5], "texture": "#1"},
				"down": {"uv": [10.5, 7.5, 8.5, 6.5], "texture": "#1"}
			}
		},
		{
			"from": [6, 12, 8],
			"to": [8, 13.75, 9],
			"faces": {
				"north": {"uv": [10.5, 7.5, 8.5, 5.5], "texture": "#1"},
				"east": {"uv": [9.5, 7.5, 8.5, 5.5], "texture": "#1"},
				"south": {"uv": [10.5, 7.5, 8.5, 5.5], "texture": "#1"},
				"west": {"uv": [11, 7.5, 10, 5.5], "texture": "#1"},
				"up": {"uv": [12, 4.5, 10, 3.5], "texture": "#1"},
				"down": {"uv": [10.5, 7.5, 8.5, 6.5], "texture": "#1"}
			}
		},
		{
			"from": [4, 11, 8],
			"to": [6, 13, 9],
			"faces": {
				"north": {"uv": [10.5, 7.5, 8.5, 5.5], "texture": "#1"},
				"east": {"uv": [9.5, 7.5, 8.5, 5.5], "texture": "#1"},
				"south": {"uv": [10.5, 7.5, 8.5, 5.5], "texture": "#1"},
				"west": {"uv": [11, 7.5, 10, 5.5], "texture": "#1"},
				"up": {"uv": [10.5, 6.5, 8.5, 5.5], "texture": "#1"},
				"down": {"uv": [10.5, 7.5, 8.5, 6.5], "texture": "#1"}
			}
		},
		{
			"from": [3, 10, 8],
			"to": [5, 12, 9],
			"faces": {
				"north": {"uv": [10.5, 7.5, 8.5, 5.5], "texture": "#1"},
				"east": {"uv": [9.5, 7.5, 8.5, 5.5], "texture": "#1"},
				"south": {"uv": [10.5, 7.5, 8.5, 5.5], "texture": "#1"},
				"west": {"uv": [11, 7.5, 10, 5.5], "texture": "#1"},
				"up": {"uv": [10.5, 6.5, 8.5, 5.5], "texture": "#1"},
				"down": {"uv": [10.5, 7.5, 8.5, 6.5], "texture": "#1"}
			}
		},
		{
			"from": [2, 9, 8],
			"to": [4, 11, 9],
			"faces": {
				"north": {"uv": [10.5, 7.5, 8.5, 5.5], "texture": "#1"},
				"east": {"uv": [9.5, 7.5, 8.5, 5.5], "texture": "#1"},
				"south": {"uv": [10.5, 7.5, 8.5, 5.5], "texture": "#1"},
				"west": {"uv": [11, 7.5, 10, 5.5], "texture": "#1"},
				"up": {"uv": [10.5, 6.5, 8.5, 5.5], "texture": "#1"},
				"down": {"uv": [10.5, 7.5, 8.5, 6.5], "texture": "#1"}
			}
		},
		{
			"from": [1, 7, 8],
			"to": [3, 9, 9],
			"faces": {
				"north": {"uv": [10.5, 7.5, 8.5, 5.5], "texture": "#1"},
				"east": {"uv": [9.5, 7.5, 8.5, 5.5], "texture": "#1"},
				"south": {"uv": [10.5, 7.5, 8.5, 5.5], "texture": "#1"},
				"west": {"uv": [11, 7.5, 10, 5.5], "texture": "#1"},
				"up": {"uv": [10.5, 6.5, 8.5, 5.5], "texture": "#1"},
				"down": {"uv": [10.5, 7.5, 8.5, 6.5], "texture": "#1"}
			}
		},
		{
			"from": [6, 12.25, 7],
			"to": [8, 13.75, 8],
			"faces": {
				"north": {"uv": [10.5, 7.5, 8.5, 5.5], "texture": "#1"},
				"east": {"uv": [9.5, 7.5, 8.5, 5.5], "texture": "#1"},
				"south": {"uv": [10.5, 7.5, 8.5, 5.5], "texture": "#1"},
				"west": {"uv": [9.5, 13, 8.5, 11], "texture": "#1"},
				"up": {"uv": [10.5, 6.5, 8.5, 5.5], "texture": "#1"},
				"down": {"uv": [10.5, 7.5, 8.5, 6.5], "texture": "#1"}
			}
		},
		{
			"from": [4.25, 11, 7],
			"to": [6, 12.75, 8],
			"faces": {
				"north": {"uv": [10.5, 7.5, 8.5, 5.5], "texture": "#1"},
				"east": {"uv": [9.5, 7.5, 8.5, 5.5], "texture": "#1"},
				"south": {"uv": [10.5, 7.5, 8.5, 5.5], "texture": "#1"},
				"west": {"uv": [9.5, 13, 8.5, 11], "texture": "#1"},
				"up": {"uv": [10.5, 6.5, 8.5, 5.5], "texture": "#1"},
				"down": {"uv": [10.5, 7.5, 8.5, 6.5], "texture": "#1"}
			}
		},
		{
			"from": [3.25, 10.25, 7],
			"to": [4.75, 11.75, 8],
			"faces": {
				"north": {"uv": [10.5, 7.5, 8.5, 5.5], "texture": "#1"},
				"east": {"uv": [9.5, 7.5, 8.5, 5.5], "texture": "#1"},
				"south": {"uv": [10.5, 7.5, 8.5, 5.5], "texture": "#1"},
				"west": {"uv": [9.5, 13, 8.5, 11], "texture": "#1"},
				"up": {"uv": [10.5, 6.5, 8.5, 5.5], "texture": "#1"},
				"down": {"uv": [10.5, 7.5, 8.5, 6.5], "texture": "#1"}
			}
		},
		{
			"from": [2.25, 9, 7],
			"to": [4, 10.75, 8],
			"faces": {
				"north": {"uv": [10.5, 7.5, 8.5, 5.5], "texture": "#1"},
				"east": {"uv": [9.5, 7.5, 8.5, 5.5], "texture": "#1"},
				"south": {"uv": [10.5, 7.5, 8.5, 5.5], "texture": "#1"},
				"west": {"uv": [9.5, 13, 8.5, 11], "texture": "#1"},
				"up": {"uv": [10.5, 6.5, 8.5, 5.5], "texture": "#1"},
				"down": {"uv": [10.5, 7.5, 8.5, 6.5], "texture": "#1"}
			}
		},
		{
			"from": [1.25, 7, 7],
			"to": [2.75, 9, 8],
			"faces": {
				"north": {"uv": [10.5, 7.5, 8.5, 5.5], "texture": "#1"},
				"east": {"uv": [9.5, 7.5, 8.5, 5.5], "texture": "#1"},
				"south": {"uv": [10.5, 7.5, 8.5, 5.5], "texture": "#1"},
				"west": {"uv": [9.5, 13, 8.5, 11], "texture": "#1"},
				"up": {"uv": [10.5, 6.5, 8.5, 5.5], "texture": "#1"},
				"down": {"uv": [10.5, 7.5, 8.5, 6.5], "texture": "#1"}
			}
		},
		{
			"from": [6, 12.25, 9],
			"to": [8, 13.75, 10],
			"faces": {
				"north": {"uv": [10.5, 7.5, 8.5, 5.5], "texture": "#1"},
				"east": {"uv": [9.5, 7.5, 8.5, 5.5], "texture": "#1"},
				"south": {"uv": [10.5, 7.5, 8.5, 5.5], "texture": "#1"},
				"west": {"uv": [10.5, 7, 9.5, 5], "texture": "#1"},
				"up": {"uv": [10.5, 6.5, 8.5, 5.5], "texture": "#1"},
				"down": {"uv": [10.5, 7.5, 8.5, 6.5], "texture": "#1"}
			}
		},
		{
			"from": [4.25, 11, 9],
			"to": [6, 12.75, 10],
			"faces": {
				"north": {"uv": [10.5, 7.5, 8.5, 5.5], "texture": "#1"},
				"east": {"uv": [9.5, 7.5, 8.5, 5.5], "texture": "#1"},
				"south": {"uv": [10.5, 7.5, 8.5, 5.5], "texture": "#1"},
				"west": {"uv": [10.5, 7, 9.5, 5], "texture": "#1"},
				"up": {"uv": [10.5, 6.5, 8.5, 5.5], "texture": "#1"},
				"down": {"uv": [10.5, 7.5, 8.5, 6.5], "texture": "#1"}
			}
		},
		{
			"from": [3.25, 10.25, 9],
			"to": [4.75, 11.75, 10],
			"faces": {
				"north": {"uv": [10.5, 7.5, 8.5, 5.5], "texture": "#1"},
				"east": {"uv": [9.5, 7.5, 8.5, 5.5], "texture": "#1"},
				"south": {"uv": [10.5, 7.5, 8.5, 5.5], "texture": "#1"},
				"west": {"uv": [10.5, 7, 9.5, 5], "texture": "#1"},
				"up": {"uv": [10.5, 6.5, 8.5, 5.5], "texture": "#1"},
				"down": {"uv": [10.5, 7.5, 8.5, 6.5], "texture": "#1"}
			}
		},
		{
			"from": [2.25, 9, 9],
			"to": [4, 10.75, 10],
			"faces": {
				"north": {"uv": [10.5, 7.5, 8.5, 5.5], "texture": "#1"},
				"east": {"uv": [9.5, 7.5, 8.5, 5.5], "texture": "#1"},
				"south": {"uv": [10.5, 7.5, 8.5, 5.5], "texture": "#1"},
				"west": {"uv": [10.5, 7, 9.5, 5], "texture": "#1"},
				"up": {"uv": [10.5, 6.5, 8.5, 5.5], "texture": "#1"},
				"down": {"uv": [10.5, 7.5, 8.5, 6.5], "texture": "#1"}
			}
		},
		{
			"from": [1.25, 7, 9],
			"to": [2.75, 9, 10],
			"faces": {
				"north": {"uv": [10.5, 7.5, 8.5, 5.5], "texture": "#1"},
				"east": {"uv": [9.5, 7.5, 8.5, 5.5], "texture": "#1"},
				"south": {"uv": [10.5, 7.5, 8.5, 5.5], "texture": "#1"},
				"west": {"uv": [10.5, 7, 9.5, 5], "texture": "#1"},
				"up": {"uv": [10.5, 6.5, 8.5, 5.5], "texture": "#1"},
				"down": {"uv": [10.5, 7.5, 8.5, 6.5], "texture": "#1"}
			}
		},
		{
			"from": [6.5, 0.75, 6.75],
			"to": [7, 1.25, 7.25],
			"faces": {
				"north": {"uv": [0, 9, 0.5, 9.5], "texture": "#1"},
				"east": {"uv": [0, 9, 0.5, 9.5], "texture": "#1"},
				"south": {"uv": [0, 9, 0.5, 9.5], "texture": "#1"},
				"west": {"uv": [0, 9, 0.5, 9.5], "texture": "#1"},
				"up": {"uv": [0, 9, 0.5, 9.5], "texture": "#1"},
				"down": {"uv": [0, 9, 0.5, 9.5], "texture": "#1"}
			}
		},
		{
			"from": [8.75, 1, 6.75],
			"to": [9.25, 1.5, 7.25],
			"faces": {
				"north": {"uv": [0, 9, 0.5, 9.5], "texture": "#1"},
				"east": {"uv": [0, 9, 0.5, 9.5], "texture": "#1"},
				"south": {"uv": [0, 9, 0.5, 9.5], "texture": "#1"},
				"west": {"uv": [0, 9, 0.5, 9.5], "texture": "#1"},
				"up": {"uv": [0, 9, 0.5, 9.5], "texture": "#1"},
				"down": {"uv": [0, 9, 0.5, 9.5], "texture": "#1"}
			}
		},
		{
			"from": [10.75, 2, 6.75],
			"to": [11.25, 2.5, 7.25],
			"faces": {
				"north": {"uv": [0, 9, 0.5, 9.5], "texture": "#1"},
				"east": {"uv": [0, 9, 0.5, 9.5], "texture": "#1"},
				"south": {"uv": [0, 9, 0.5, 9.5], "texture": "#1"},
				"west": {"uv": [0, 9, 0.5, 9.5], "texture": "#1"},
				"up": {"uv": [0, 9, 0.5, 9.5], "texture": "#1"},
				"down": {"uv": [0, 9, 0.5, 9.5], "texture": "#1"}
			}
		},
		{
			"from": [12.25, 3, 6.75],
			"to": [12.75, 3.5, 7.25],
			"faces": {
				"north": {"uv": [0, 9, 0.5, 9.5], "texture": "#1"},
				"east": {"uv": [0, 9, 0.5, 9.5], "texture": "#1"},
				"south": {"uv": [0, 9, 0.5, 9.5], "texture": "#1"},
				"west": {"uv": [0, 9, 0.5, 9.5], "texture": "#1"},
				"up": {"uv": [0, 9, 0.5, 9.5], "texture": "#1"},
				"down": {"uv": [0, 9, 0.5, 9.5], "texture": "#1"}
			}
		},
		{
			"from": [13.75, 7.75, 6.75],
			"to": [14.25, 8.25, 7.25],
			"faces": {
				"north": {"uv": [0, 9, 0.5, 9.5], "texture": "#1"},
				"east": {"uv": [0, 9, 0.5, 9.5], "texture": "#1"},
				"south": {"uv": [0, 9, 0.5, 9.5], "texture": "#1"},
				"west": {"uv": [0, 9, 0.5, 9.5], "texture": "#1"},
				"up": {"uv": [0, 9, 0.5, 9.5], "texture": "#1"},
				"down": {"uv": [0, 9, 0.5, 9.5], "texture": "#1"}
			}
		},
		{
			"from": [13.5, 5.5, 6.75],
			"to": [14, 6, 7.25],
			"faces": {
				"north": {"uv": [0, 9, 0.5, 9.5], "texture": "#1"},
				"east": {"uv": [0, 9, 0.5, 9.5], "texture": "#1"},
				"south": {"uv": [0, 9, 0.5, 9.5], "texture": "#1"},
				"west": {"uv": [0, 9, 0.5, 9.5], "texture": "#1"},
				"up": {"uv": [0, 9, 0.5, 9.5], "texture": "#1"},
				"down": {"uv": [0, 9, 0.5, 9.5], "texture": "#1"}
			}
		},
		{
			"from": [12.5, 10.5, 6.75],
			"to": [13, 11, 7.25],
			"faces": {
				"north": {"uv": [0, 9, 0.5, 9.5], "texture": "#1"},
				"east": {"uv": [0, 9, 0.5, 9.5], "texture": "#1"},
				"south": {"uv": [0, 9, 0.5, 9.5], "texture": "#1"},
				"west": {"uv": [0, 9, 0.5, 9.5], "texture": "#1"},
				"up": {"uv": [0, 9, 0.5, 9.5], "texture": "#1"},
				"down": {"uv": [0, 9, 0.5, 9.5], "texture": "#1"}
			}
		},
		{
			"from": [10.5, 11.3, 6.75],
			"to": [11, 11.8, 7.25],
			"faces": {
				"north": {"uv": [0, 9, 0.5, 9.5], "texture": "#1"},
				"east": {"uv": [0, 9, 0.5, 9.5], "texture": "#1"},
				"south": {"uv": [0, 9, 0.5, 9.5], "texture": "#1"},
				"west": {"uv": [0, 9, 0.5, 9.5], "texture": "#1"},
				"up": {"uv": [0, 9, 0.5, 9.5], "texture": "#1"},
				"down": {"uv": [0, 9, 0.5, 9.5], "texture": "#1"}
			}
		},
		{
			"from": [4.5, 11.3, 6.75],
			"to": [5, 11.8, 7.25],
			"faces": {
				"north": {"uv": [0, 9, 0.5, 9.5], "texture": "#1"},
				"east": {"uv": [0, 9, 0.5, 9.5], "texture": "#1"},
				"south": {"uv": [0, 9, 0.5, 9.5], "texture": "#1"},
				"west": {"uv": [0, 9, 0.5, 9.5], "texture": "#1"},
				"up": {"uv": [0, 9, 0.5, 9.5], "texture": "#1"},
				"down": {"uv": [0, 9, 0.5, 9.5], "texture": "#1"}
			}
		},
		{
			"from": [2.5, 9.5, 6.75],
			"to": [3, 10, 7.25],
			"faces": {
				"north": {"uv": [0, 9, 0.5, 9.5], "texture": "#1"},
				"east": {"uv": [0, 9, 0.5, 9.5], "texture": "#1"},
				"south": {"uv": [0, 9, 0.5, 9.5], "texture": "#1"},
				"west": {"uv": [0, 9, 0.5, 9.5], "texture": "#1"},
				"up": {"uv": [0, 9, 0.5, 9.5], "texture": "#1"},
				"down": {"uv": [0, 9, 0.5, 9.5], "texture": "#1"}
			}
		},
		{
			"from": [2, 7.5, 6.75],
			"to": [2.5, 8, 7.25],
			"faces": {
				"north": {"uv": [0, 9, 0.5, 9.5], "texture": "#1"},
				"east": {"uv": [0, 9, 0.5, 9.5], "texture": "#1"},
				"south": {"uv": [0, 9, 0.5, 9.5], "texture": "#1"},
				"west": {"uv": [0, 9, 0.5, 9.5], "texture": "#1"},
				"up": {"uv": [0, 9, 0.5, 9.5], "texture": "#1"},
				"down": {"uv": [0, 9, 0.5, 9.5], "texture": "#1"}
			}
		},
		{
			"from": [2.5, 4.3, 6.75],
			"to": [3, 4.8, 7.25],
			"faces": {
				"north": {"uv": [0, 9, 0.5, 9.5], "texture": "#1"},
				"east": {"uv": [0, 9, 0.5, 9.5], "texture": "#1"},
				"south": {"uv": [0, 9, 0.5, 9.5], "texture": "#1"},
				"west": {"uv": [0, 9, 0.5, 9.5], "texture": "#1"},
				"up": {"uv": [0, 9, 0.5, 9.5], "texture": "#1"},
				"down": {"uv": [0, 9, 0.5, 9.5], "texture": "#1"}
			}
		},
		{
			"from": [3.5, 2.9, 6.75],
			"to": [4, 3.4, 7.25],
			"faces": {
				"north": {"uv": [0, 9, 0.5, 9.5], "texture": "#1"},
				"east": {"uv": [0, 9, 0.5, 9.5], "texture": "#1"},
				"south": {"uv": [0, 9, 0.5, 9.5], "texture": "#1"},
				"west": {"uv": [0, 9, 0.5, 9.5], "texture": "#1"},
				"up": {"uv": [0, 9, 0.5, 9.5], "texture": "#1"},
				"down": {"uv": [0, 9, 0.5, 9.5], "texture": "#1"}
			}
		},
		{
			"from": [4.8, 1.9, 6.75],
			"to": [5.3, 2.4, 7.25],
			"faces": {
				"north": {"uv": [0, 9, 0.5, 9.5], "texture": "#1"},
				"east": {"uv": [0, 9, 0.5, 9.5], "texture": "#1"},
				"south": {"uv": [0, 9, 0.5, 9.5], "texture": "#1"},
				"west": {"uv": [0, 9, 0.5, 9.5], "texture": "#1"},
				"up": {"uv": [0, 9, 0.5, 9.5], "texture": "#1"},
				"down": {"uv": [0, 9, 0.5, 9.5], "texture": "#1"}
			}
		},
		{
			"from": [6.5, 0.75, 9.75],
			"to": [7, 1.25, 10.25],
			"faces": {
				"north": {"uv": [0, 9, 0.5, 9.5], "texture": "#1"},
				"east": {"uv": [0, 9, 0.5, 9.5], "texture": "#1"},
				"south": {"uv": [0, 9, 0.5, 9.5], "texture": "#1"},
				"west": {"uv": [0, 9, 0.5, 9.5], "texture": "#1"},
				"up": {"uv": [0, 9, 0.5, 9.5], "texture": "#1"},
				"down": {"uv": [0, 9, 0.5, 9.5], "texture": "#1"}
			}
		},
		{
			"from": [8.75, 1, 9.75],
			"to": [9.25, 1.5, 10.25],
			"faces": {
				"north": {"uv": [0, 9, 0.5, 9.5], "texture": "#1"},
				"east": {"uv": [0, 9, 0.5, 9.5], "texture": "#1"},
				"south": {"uv": [0, 9, 0.5, 9.5], "texture": "#1"},
				"west": {"uv": [0, 9, 0.5, 9.5], "texture": "#1"},
				"up": {"uv": [0, 9, 0.5, 9.5], "texture": "#1"},
				"down": {"uv": [0, 9, 0.5, 9.5], "texture": "#1"}
			}
		},
		{
			"from": [10.75, 2, 9.75],
			"to": [11.25, 2.5, 10.25],
			"faces": {
				"north": {"uv": [0, 9, 0.5, 9.5], "texture": "#1"},
				"east": {"uv": [0, 9, 0.5, 9.5], "texture": "#1"},
				"south": {"uv": [0, 9, 0.5, 9.5], "texture": "#1"},
				"west": {"uv": [0, 9, 0.5, 9.5], "texture": "#1"},
				"up": {"uv": [0, 9, 0.5, 9.5], "texture": "#1"},
				"down": {"uv": [0, 9, 0.5, 9.5], "texture": "#1"}
			}
		},
		{
			"from": [12.25, 3, 9.75],
			"to": [12.75, 3.5, 10.25],
			"faces": {
				"north": {"uv": [0, 9, 0.5, 9.5], "texture": "#1"},
				"east": {"uv": [0, 9, 0.5, 9.5], "texture": "#1"},
				"south": {"uv": [0, 9, 0.5, 9.5], "texture": "#1"},
				"west": {"uv": [0, 9, 0.5, 9.5], "texture": "#1"},
				"up": {"uv": [0, 9, 0.5, 9.5], "texture": "#1"},
				"down": {"uv": [0, 9, 0.5, 9.5], "texture": "#1"}
			}
		},
		{
			"from": [13.75, 7.75, 9.75],
			"to": [14.25, 8.25, 10.25],
			"faces": {
				"north": {"uv": [0, 9, 0.5, 9.5], "texture": "#1"},
				"east": {"uv": [0, 9, 0.5, 9.5], "texture": "#1"},
				"south": {"uv": [0, 9, 0.5, 9.5], "texture": "#1"},
				"west": {"uv": [0, 9, 0.5, 9.5], "texture": "#1"},
				"up": {"uv": [0, 9, 0.5, 9.5], "texture": "#1"},
				"down": {"uv": [0, 9, 0.5, 9.5], "texture": "#1"}
			}
		},
		{
			"from": [13.5, 5.5, 9.75],
			"to": [14, 6, 10.25],
			"faces": {
				"north": {"uv": [0, 9, 0.5, 9.5], "texture": "#1"},
				"east": {"uv": [0, 9, 0.5, 9.5], "texture": "#1"},
				"south": {"uv": [0, 9, 0.5, 9.5], "texture": "#1"},
				"west": {"uv": [0, 9, 0.5, 9.5], "texture": "#1"},
				"up": {"uv": [0, 9, 0.5, 9.5], "texture": "#1"},
				"down": {"uv": [0, 9, 0.5, 9.5], "texture": "#1"}
			}
		},
		{
			"from": [12.5, 10.5, 9.75],
			"to": [13, 11, 10.25],
			"faces": {
				"north": {"uv": [0, 9, 0.5, 9.5], "texture": "#1"},
				"east": {"uv": [0, 9, 0.5, 9.5], "texture": "#1"},
				"south": {"uv": [0, 9, 0.5, 9.5], "texture": "#1"},
				"west": {"uv": [0, 9, 0.5, 9.5], "texture": "#1"},
				"up": {"uv": [0, 9, 0.5, 9.5], "texture": "#1"},
				"down": {"uv": [0, 9, 0.5, 9.5], "texture": "#1"}
			}
		},
		{
			"from": [4.4, 11.2, 9.75],
			"to": [4.9, 11.7, 10.25],
			"faces": {
				"north": {"uv": [0, 9, 0.5, 9.5], "texture": "#1"},
				"east": {"uv": [0, 9, 0.5, 9.5], "texture": "#1"},
				"south": {"uv": [0, 9, 0.5, 9.5], "texture": "#1"},
				"west": {"uv": [0, 9, 0.5, 9.5], "texture": "#1"},
				"up": {"uv": [0, 9, 0.5, 9.5], "texture": "#1"},
				"down": {"uv": [0, 9, 0.5, 9.5], "texture": "#1"}
			}
		},
		{
			"from": [2.5, 9.5, 9.75],
			"to": [3, 10, 10.25],
			"faces": {
				"north": {"uv": [0, 9, 0.5, 9.5], "texture": "#1"},
				"east": {"uv": [0, 9, 0.5, 9.5], "texture": "#1"},
				"south": {"uv": [0, 9, 0.5, 9.5], "texture": "#1"},
				"west": {"uv": [0, 9, 0.5, 9.5], "texture": "#1"},
				"up": {"uv": [0, 9, 0.5, 9.5], "texture": "#1"},
				"down": {"uv": [0, 9, 0.5, 9.5], "texture": "#1"}
			}
		},
		{
			"from": [2, 7.5, 9.75],
			"to": [2.5, 8, 10.25],
			"faces": {
				"north": {"uv": [0, 9, 0.5, 9.5], "texture": "#1"},
				"east": {"uv": [0, 9, 0.5, 9.5], "texture": "#1"},
				"south": {"uv": [0, 9, 0.5, 9.5], "texture": "#1"},
				"west": {"uv": [0, 9, 0.5, 9.5], "texture": "#1"},
				"up": {"uv": [0, 9, 0.5, 9.5], "texture": "#1"},
				"down": {"uv": [0, 9, 0.5, 9.5], "texture": "#1"}
			}
		},
		{
			"from": [2.5, 4.3, 9.75],
			"to": [3, 4.8, 10.25],
			"faces": {
				"north": {"uv": [0, 9, 0.5, 9.5], "texture": "#1"},
				"east": {"uv": [0, 9, 0.5, 9.5], "texture": "#1"},
				"south": {"uv": [0, 9, 0.5, 9.5], "texture": "#1"},
				"west": {"uv": [0, 9, 0.5, 9.5], "texture": "#1"},
				"up": {"uv": [0, 9, 0.5, 9.5], "texture": "#1"},
				"down": {"uv": [0, 9, 0.5, 9.5], "texture": "#1"}
			}
		},
		{
			"from": [3.5, 2.9, 9.75],
			"to": [4, 3.4, 10.25],
			"faces": {
				"north": {"uv": [0, 9, 0.5, 9.5], "texture": "#1"},
				"east": {"uv": [0, 9, 0.5, 9.5], "texture": "#1"},
				"south": {"uv": [0, 9, 0.5, 9.5], "texture": "#1"},
				"west": {"uv": [0, 9, 0.5, 9.5], "texture": "#1"},
				"up": {"uv": [0, 9, 0.5, 9.5], "texture": "#1"},
				"down": {"uv": [0, 9, 0.5, 9.5], "texture": "#1"}
			}
		},
		{
			"from": [4.8, 1.9, 9.75],
			"to": [5.3, 2.4, 10.25],
			"faces": {
				"north": {"uv": [0, 9, 0.5, 9.5], "texture": "#1"},
				"east": {"uv": [0, 9, 0.5, 9.5], "texture": "#1"},
				"south": {"uv": [0, 9, 0.5, 9.5], "texture": "#1"},
				"west": {"uv": [0, 9, 0.5, 9.5], "texture": "#1"},
				"up": {"uv": [0, 9, 0.5, 9.5], "texture": "#1"},
				"down": {"uv": [0, 9, 0.5, 9.5], "texture": "#1"}
			}
		},
		{
			"from": [7, 11.9, 6.25],
			"to": [9, 14, 10.75],
			"faces": {
				"north": {"uv": [1.5, 9.5, 3.5, 11.59951], "texture": "#1"},
				"east": {"uv": [3, 8.5, 4, 11.5], "rotation": 90, "texture": "#1"},
				"south": {"uv": [1.5, 9.5, 3.5, 11.59951], "texture": "#1"},
				"west": {"uv": [3, 8.5, 4, 11.5], "rotation": 90, "texture": "#1"},
				"up": {"uv": [2, 8, 4, 12], "texture": "#1"},
				"down": {"uv": [3, 8.5, 4, 11.5], "texture": "#1"}
			}
		},
		{
			"from": [4.5, 12, 6.5],
			"to": [11.75, 12.5, 10.5],
			"faces": {
				"north": {"uv": [0, 10, 0.5, 10.5], "texture": "#1"},
				"east": {"uv": [0, 10, 0.5, 10.5], "rotation": 90, "texture": "#1"},
				"south": {"uv": [0, 10, 0.5, 10.5], "texture": "#1"},
				"west": {"uv": [0, 10, 0.5, 10.5], "rotation": 90, "texture": "#1"},
				"up": {"uv": [0, 10.5, 4, 11.5], "texture": "#1"},
				"down": {"uv": [1, 8, 3, 9], "rotation": 90, "texture": "#1"}
			}
		},
		{
			"from": [10.5, 14.75, 6.5],
			"to": [13.75, 15.25, 10.5],
			"rotation": {"angle": 45, "axis": "z", "origin": [12.125, 11.25, 9.5]},
			"faces": {
				"north": {"uv": [0, 10, 0.5, 10.5], "texture": "#1"},
				"east": {"uv": [0, 10, 0.5, 10.5], "rotation": 90, "texture": "#1"},
				"south": {"uv": [0, 10, 0.5, 10.5], "texture": "#1"},
				"west": {"uv": [0, 10, 0.5, 10.5], "rotation": 90, "texture": "#1"},
				"up": {"uv": [1, 8, 3, 9], "rotation": 90, "texture": "#1"},
				"down": {"uv": [0, 10, 0.5, 10.5], "texture": "#1"}
			}
		},
		{
			"from": [9.44835, 15.25165, 6.5],
			"to": [11.14835, 15.75165, 10.5],
			"rotation": {"angle": -45, "axis": "z", "origin": [9.47335, 13.90165, 8.5]},
			"faces": {
				"north": {"uv": [0, 10, 0.5, 10.5], "texture": "#1"},
				"east": {"uv": [1, 8, 3, 9], "rotation": 90, "texture": "#1"},
				"south": {"uv": [0, 10, 0.5, 10.5], "texture": "#1"},
				"west": {"uv": [0, 10, 0.5, 10.5], "rotation": 90, "texture": "#1"},
				"up": {"uv": [1, 8, 3, 9], "rotation": 90, "texture": "#1"},
				"down": {"uv": [0, 10, 0.5, 10.5], "texture": "#1"}
			}
		},
		{
			"from": [11.44835, 12.25165, 6.5],
			"to": [11.94835, 14.00165, 10.5],
			"faces": {
				"north": {"uv": [0, 10, 0.5, 10.5], "texture": "#1"},
				"east": {"uv": [1, 8, 3, 9], "rotation": 90, "texture": "#1"},
				"south": {"uv": [0, 10, 0.5, 10.5], "texture": "#1"},
				"west": {"uv": [0, 10, 0.5, 10.5], "rotation": 90, "texture": "#1"},
				"up": {"uv": [1, 8, 3, 9], "rotation": 90, "texture": "#1"},
				"down": {"uv": [0, 10, 0.5, 10.5], "texture": "#1"}
			}
		},
		{
			"from": [4.05165, 12.25165, 6.5],
			"to": [4.55165, 14.00165, 10.5],
			"faces": {
				"north": {"uv": [0.5, 10, 0, 10.5], "texture": "#1"},
				"east": {"uv": [1, 8, 3, 9], "rotation": 90, "texture": "#1"},
				"south": {"uv": [0.5, 10, 0, 10.5], "texture": "#1"},
				"west": {"uv": [0, 10.5, 0.5, 10], "rotation": 90, "texture": "#1"},
				"up": {"uv": [1, 8, 3, 9], "rotation": 90, "texture": "#1"},
				"down": {"uv": [0.5, 10, 0, 10.5], "texture": "#1"}
			}
		},
		{
			"from": [4.85165, 15.25165, 6.5],
			"to": [6.55165, 15.75165, 10.5],
			"rotation": {"angle": 45, "axis": "z", "origin": [6.52665, 13.90165, 8.5]},
			"faces": {
				"north": {"uv": [0.5, 10, 0, 10.5], "texture": "#1"},
				"east": {"uv": [0, 10.5, 0.5, 10], "rotation": 90, "texture": "#1"},
				"south": {"uv": [0.5, 10, 0, 10.5], "texture": "#1"},
				"west": {"uv": [0, 10.5, 0.5, 10], "rotation": 90, "texture": "#1"},
				"up": {"uv": [1, 8, 3, 9], "rotation": 90, "texture": "#1"},
				"down": {"uv": [0.5, 10, 0, 10.5], "texture": "#1"}
			}
		},
		{
			"from": [2.25, 14.75, 6.5],
			"to": [5.5, 15.25, 10.5],
			"rotation": {"angle": -45, "axis": "z", "origin": [3.875, 11.25, 9.5]},
			"faces": {
				"north": {"uv": [0.5, 10, 0, 10.5], "texture": "#1"},
				"east": {"uv": [0, 10.5, 0.5, 10], "rotation": 90, "texture": "#1"},
				"south": {"uv": [0.5, 10, 0, 10.5], "texture": "#1"},
				"west": {"uv": [0, 10.5, 0.5, 10], "rotation": 90, "texture": "#1"},
				"up": {"uv": [1, 8, 3, 9], "rotation": 90, "texture": "#1"},
				"down": {"uv": [0.5, 10, 0, 10.5], "texture": "#1"}
			}
		}
	],
	"display": {
		"thirdperson_righthand": {
			"rotation": [62, 0, 0],
			"translation": [-6, -0.5, 0.5]
		},
		"thirdperson_lefthand": {
			"rotation": [62, 0, 0],
			"translation": [-6, -0.5, 0.5]
		},
		"firstperson_righthand": {
			"rotation": [0, -53, 0],
			"translation": [0, 3, 0],
			"scale": [0.8, 0.8, 0.8]
		},
		"firstperson_lefthand": {
			"rotation": [0, -53, 0],
			"translation": [0, 3, 0],
			"scale": [0.8, 0.8, 0.8]
		},
		"ground": {
			"rotation": [90, 0, 0],
			"translation": [0, -4, 0]
		},
		"gui": {
			"rotation": [3, 7, 0],
			"translation": [0, 1, 0]
		},
		"head": {
			"translation": [0, -10.5, 0],
			"scale": [3, 3, 3]
		},
		"fixed": {
			"translation": [0, 2, -2.5],
			"scale": [2.3, 2.3, 2.3]
		}
	},
	"groups": [
		{
			"name": "group",
			"origin": [8, 8, 8],
			"children": [0, 1, 2, 3, 4, 5, 6, 7, 8, 9, 10, 11, 12, 13, 14, 15, 16, 17, 18, 19, 20, 21, 22, 23, 24, 25, 26, 27, 28, 29]
		},
		{
			"name": "group",
			"origin": [8, 8, 8],
			"children": [30, 31, 32, 33, 34, 35, 36, 37, 38, 39, 40, 41, 42, 43, 44, 45, 46, 47, 48, 49, 50, 51, 52, 53, 54, 55, 56, 57, 58, 59]
		},
		{
			"name": "group",
			"origin": [8, 8, 8],
			"children": [60, 61, 62, 63, 64, 65, 66, 67, 68, 69, 70, 71, 72, 73, 74, 75, 76, 77, 78, 79, 80, 81, 82, 83, 84, 85, 86, 87, 88]
		},
		{
			"name": "group",
			"origin": [8, 8, 8],
			"children": [89, 90, 91, 92, 93, 94, 95, 96, 97, 98, 99, 100, 101, 102, 103, 104, 105, 106, 107, 108, 109, 110, 111, 112, 113, 114, 115, 116, 117]
		},
		{
			"name": "group",
			"origin": [8, 8, 8],
			"children": [118, 119, 120, 121, 122, 123, 124, 125, 126, 127, 128, 129, 130, 131]
		},
		{
			"name": "group",
			"origin": [8, 8, 8],
			"children": [132, 133, 134, 135, 136, 137, 138, 139, 140, 141, 142, 143, 144]
		}, 145, 146, 147, 148, 149, 150, 151, 152]
}
