{
  "pools": [
	{
      "rolls": 1,
      "entries": [
        {
          "type": "item",
          "name": "minecraft:pig_spawn_egg",
          "weight": 20
        },
        {
          "type": "item",
          "name": "minecraft:cow_spawn_egg",
          "weight": 10
        },
		{
          "type": "item",
          "name": "minecraft:sheep_spawn_egg",
          "weight": 10
        },
		{
          "type": "item",
          "name": "minecraft:chicken_spawn_egg",
          "weight": 10
        },
        {
          "type": "item",
          "name": "minecraft:villager_spawn_egg",
          "weight": 5
        }
      ]
    },
    {
      "rolls": {
        "min": 1,
        "max": 3
      },
      "entries": [
        {
          "type": "item",
          "name": "minecraft:grass",
          "weight": 5,
          "functions": [
            {
              "function": "minecraft:set_count",
              "count": {
                "min": 4,
                "max": 8
              }
            }
          ]
        },
        {
          "type": "item",
          "name": "minecraft:wheat_seeds",
          "weight": 5,
          "functions": [
            {
              "function": "minecraft:set_count",
              "count": {
                "min": 1,
                "max": 2
              }
            }
          ]
        },
        {
          "type": "item",
          "name": "minecraft:dandelion",
          "weight": 4,
          "functions": [
            {
              "function": "set_count",
              "count": {
                "min": 1,
                "max": 5
              }
            }
          ]
        },
        {
          "type": "item",
          "name": "minecraft:poppy",
          "weight": 4,
          "functions": [
            {
              "function": "set_count",
              "count": {
                "min": 1,
                "max": 5
              }
            }
          ]
        },
        {
          "type": "item",
          "name": "minecraft:oxeye_daisy",
          "weight": 4,
          "functions": [
            {
              "function": "set_count",
              "count": {
                "min": 1,
                "max": 2
              }
            }
          ]
        },
        {
          "type": "item",
          "name": "minecraft:azure_bluet",
          "weight": 4,
          "functions": [
            {
              "function": "set_count",
              "count": {
                "min": 1,
                "max": 3
              }
            }
          ]
        }
      ]
    }
  ]
}