{
	"credit": "Made by BronGhast014 with Blockbench",
	"texture_size": [64, 64],
	"textures": {
		"4": "bgcd:block/workbench"
	},
	"elements": [
		{
			"name": "bench",
			"from": [0, 0, 0],
			"to": [16, 16, 16],
			"faces": {
				"north": {"uv": [4, 4, 8, 8], "texture": "#4"},
				"east": {"uv": [0, 4, 4, 8], "texture": "#4"},
				"south": {"uv": [12, 4, 16, 8], "texture": "#4"},
				"west": {"uv": [8, 4, 12, 8], "texture": "#4"},
				"up": {"uv": [8, 4, 4, 0], "texture": "#4"},
				"down": {"uv": [12, 0, 8, 4], "texture": "#4"}
			}
		}
	],
	"display": {
		"thirdperson_righthand": {
			"rotation": [75, 45, 0],
			"translation": [0, 2.5, 0],
			"scale": [0.375, 0.375, 0.375]
		},
		"thirdperson_lefthand": {
			"rotation": [75, 45, 0],
			"translation": [0, 2.5, 0],
			"scale": [0.375, 0.375, 0.375]
		},
		"firstperson_righthand": {
			"rotation": [0, 45, 0],
			"scale": [0.4, 0.4, 0.4]
		},
		"firstperson_lefthand": {
			"rotation": [0, 225, 0],
			"scale": [0.4, 0.4, 0.4]
		},
		"ground": {
			"translation": [0, 3, 0],
			"scale": [0.25, 0.25, 0.25]
		},
		"gui": {
			"rotation": [30, 225, 0],
			"translation": [0, -0.5, 0],
			"scale": [0.6, 0.6, 0.6]
		},
		"head": {
			"translation": [0, -14.665, 0],
			"scale": [2.2875, 2.2869, 2.2875]
		},
		"fixed": {
			"rotation": [0, 90, 0],
			"scale": [0.5, 0.5, 0.5]
		}
	}
}