{
  "preeminence.dialog.fool": {
    "sounds": [
      "preeminence/dialog/fool"
    ]
  },
  "preeminence.dialog.laughter": {
    "sounds": [
      "preeminence/dialog/hahaha"
    ]
  },
  "preeminence.dialog.request_granted": {
    "sounds": [
      "preeminence/dialog/request_granted"
    ]
  },
  "preeminence.dialog.to_kill": {
    "sounds": [
      "preeminence/dialog/to_kill_you"
    ]
  },
  "preeminence.dialog.very_well": {
    "sounds": [
      "preeminence/dialog/very_well"
    ]
  },
  "preeminence.dialog.we_shall_see": {
    "sounds": [
      "preeminence/dialog/we_shall_see"
    ]
  },
  "preeminence.dialog.who_are_you": {
    "sounds": [
      "preeminence/dialog/who_are_you"
    ]
  },
  "preeminence.music.boss_fight1": {
    "sounds": [
      {
        "name": "preeminence/music/boss_1",
        "preload": true
      }
    ]
  },
  "preeminence.music.boss_fight2": {
    "sounds": [
      {
        "name": "preeminence/music/boss_2",
        "preload": true
      }
    ]
  },
  "preeminence.music.boss_fight3": {
    "sounds": [
      {
        "name": "preeminence/music/boss_3",
        "preload": true
      }
    ]
  },
  "preeminence.music.boss_fight_pre": {
    "sounds": [
      {
        "name": "preeminence/music/boss_pre",
        "preload": true
      }
    ]
  },
  "preeminence.music.boss_fight_tension": {
    "sounds": [
      {
        "name": "preeminence/music/boss_tense",
        "preload": true
      }
    ]
  }
}
