{
	"parent": "item/handheld_rod",
	"textures": {
		"layer0": "item/carrot_on_a_stick"
	},
	"overrides": [
		{ "predicate": { "damage": 0 }, "model": "item/carrot_on_a_stick" },
		{ "predicate": { "damaged": 0, "damage": 0.04 }, "model": "christmas/tree" },
		{ "predicate": { "damaged": 0, "damage": 0.08 }, "model": "christmas/tree_deco" },
		{ "predicate": { "damaged": 0, "damage": 0.12 }, "model": "christmas/deco" },
		{ "predicate": { "damaged": 0, "damage": 0.16 }, "model": "christmas/mug" },
		{ "predicate": { "damaged": 0, "damage": 0.2 }, "model": "christmas/tray" },
		{ "predicate": { "damaged": 0, "damage": 0.24 }, "model": "christmas/red_gift" },
		{ "predicate": { "damaged": 0, "damage": 0.28 }, "model": "christmas/red_gift2" },
		{ "predicate": { "damaged": 0, "damage": 0.32 }, "model": "christmas/green_gift" },
		{ "predicate": { "damaged": 0, "damage": 0.36 }, "model": "christmas/green_gift_2" },
		{ "predicate": { "damaged": 0, "damage": 0.4 }, "model": "christmas/stocking_red" },
		{ "predicate": { "damaged": 0, "damage": 0.44 }, "model": "christmas/stocking_green" },
		{ "predicate": { "damaged": 0, "damage": 0.48 }, "model": "christmas/snowman" },
		{ "predicate": { "damaged": 0, "damage": 0.52 }, "model": "christmas/ginger_bread" },
		{ "predicate": { "damaged": 0, "damage": 0.56 }, "model": "christmas/wreath" },
		{ "predicate": { "damaged": 0, "damage": 0.6 }, "model": "christmas/garland" },
		{ "predicate": { "damaged": 0, "damage": 0.64 }, "model": "christmas/garland_hanging" },
		{ "predicate": { "damaged": 0, "damage": 0.68 }, "model": "christmas/candy_cane" },
		{ "predicate": { "damaged": 0, "damage": 0.72 }, "model": "christmas/small_tree" },
		{ "predicate": { "damaged": 0, "damage": 0.76 }, "model": "christmas/hunting_trophy" },
		{ "predicate": { "damaged": 0, "damage": 0.8 }, "model": "christmas/carrot_on_a_stick" },
		{ "predicate": { "damaged": 0, "damage": 0.84 }, "model": "christmas/carrot_on_a_stick" },
		{ "predicate": { "damaged": 0, "damage": 0.88 }, "model": "christmas/carrot_on_a_stick" },
		{ "predicate": { "damaged": 0, "damage": 0.92 }, "model": "christmas/carrot_on_a_stick" },
		{ "predicate": { "damaged": 0, "damage": 0.96 }, "model": "christmas/carrot_on_a_stick" },
		{ "predicate": { "damaged": 1 }, "model": "item/carrot_on_a_stick" }
	]
}