{
	"parent": "item/handheld_rod",
	"textures": {
		"layer0": "item/carrot_on_a_stick"
	},
	"overrides": [
		{ "predicate": { "custom_model_data": 4014001 }, "model": "bgcd:item/wrench" },
		{ "predicate": { "custom_model_data": 4014002 }, "model": "bgcd:item/tree_decorations" },

		{ "predicate": { "custom_model_data": 4014003 }, "model": "bgcd:item/coco_mug" },
		{ "predicate": { "custom_model_data": 4014004 }, "model": "bgcd:item/mini_tree" },

		{ "predicate": { "custom_model_data": 4014005 }, "model": "bgcd:decoration/gift_1" },
		{ "predicate": { "custom_model_data": 4014006 }, "model": "bgcd:decoration/gift_2" },
		{ "predicate": { "custom_model_data": 4014007 }, "model": "bgcd:decoration/gift_3" },
		{ "predicate": { "custom_model_data": 4014008 }, "model": "bgcd:decoration/gift_4" },
		{ "predicate": { "custom_model_data": 4014009 }, "model": "bgcd:decoration/tree" },
		{ "predicate": { "custom_model_data": 4014010 }, "model": "bgcd:decoration/tree_decorated" },
		{ "predicate": { "custom_model_data": 4014011 }, "model": "bgcd:decoration/snowman" },
		
		{ "predicate": { "custom_model_data": 4014012 }, "model": "bgcd:decoration/stocking_red" },
		{ "predicate": { "custom_model_data": 4014013 }, "model": "bgcd:decoration/stocking_green" },
		{ "predicate": { "custom_model_data": 4014014 }, "model": "bgcd:decoration/wreath" },
		{ "predicate": { "custom_model_data": 4014015 }, "model": "bgcd:decoration/garland" },
		{ "predicate": { "custom_model_data": 4014016 }, "model": "bgcd:decoration/celling_garland" },
		{ "predicate": { "custom_model_data": 4014017 }, "model": "bgcd:decoration/candle_wreath" }
	]
}