{
    "parent": "item/template_spawn_egg",
	"overrides": [
		{ "predicate": { "custom_model_data": 4014001 }, "model": "christmas/tree" },
		{ "predicate": { "custom_model_data": 4014002 }, "model": "christmas/tree_deco" },
		{ "predicate": { "custom_model_data": 4014003 }, "model": "christmas/snowman" },
		{ "predicate": { "custom_model_data": 4014004 }, "model": "christmas/gift_1" },
		{ "predicate": { "custom_model_data": 4014005 }, "model": "christmas/gift_2" },
		{ "predicate": { "custom_model_data": 4014006 }, "model": "christmas/gift_3" },
		{ "predicate": { "custom_model_data": 4014007 }, "model": "christmas/gift_4" }
	]
}