{
	"parent": "item/generated",
    "textures": {
        "layer0": "item/red_dye"
    },
	"overrides": [
		{ "predicate": { "custom_model_data": 4014001 }, "model": "christmas/deco" },
		{ "predicate": { "custom_model_data": 4014002 }, "model": "christmas/stocking_green" },
		{ "predicate": { "custom_model_data": 4014003 }, "model": "christmas/stocking_red" },
		{ "predicate": { "custom_model_data": 4014004 }, "model": "christmas/wreath" },
		{ "predicate": { "custom_model_data": 4014005 }, "model": "christmas/garland" },
		{ "predicate": { "custom_model_data": 4014006 }, "model": "christmas/hunting_trophy" }
	]
}