{
	"parent": "item/handheld",
	"textures": {
		"layer0": "item/wood1"
	},
	"overrides": [
		{ "predicate": { "damage": 0 }, "model": "item/wood1" },
		{ "predicate": { "damaged": 0, "damage": 0.016949152542373 }, "model": "christmas/red_gift" },
		{ "predicate": { "damaged": 0, "damage": 0.033898305084746 }, "model": "christmas/green_gift" },
		{ "predicate": { "damaged": 0, "damage": 0.050847457627119 }, "model": "christmas/green_gift_2" },
		{ "predicate": { "damaged": 0, "damage": 0.067796610169492 }, "model": "christmas/raindeer" },
		{ "predicate": { "damaged": 0, "damage": 0.084745762711864 }, "model": "christmas/raindeer_moving" },
		{ "predicate": { "damaged": 0, "damage": 0.101694915254237 }, "model": "christmas/raindeer_hurt" },
		{ "predicate": { "damaged": 0, "damage": 0.11864406779661 }, "model": "christmas/wood1" },
		{ "predicate": { "damaged": 0, "damage": 0.135593220338983 }, "model": "christmas/wood1" },
		{ "predicate": { "damaged": 0, "damage": 0.152542372881356 }, "model": "christmas/wood1" },
		{ "predicate": { "damaged": 0, "damage": 0.169491525423729 }, "model": "christmas/wood1" },
		{ "predicate": { "damaged": 1 }, "model": "item/wood1" }
	]
}